state,district,avg_afi,max_afi,min_afi,months_observed
Chhattisgarh,Dantewada,33.37275573333594,72.3396683271248,24.22084108590581,12
Chhattisgarh,Narayanpur,31.63441018390476,65.04611228730175,17.726785545700366,12
Daman And Diu,Daman,31.47705395012059,51.7175939733494,22.687698141457616,6
Andaman And Nicobar Islands,Nicobar,31.250961096787837,60.80148388428402,21.567349890266424,9
Arunachal Pradesh,Kurung Kumey,31.12543583456517,60.92503775821044,14.09733803414722,8
Chhattisgarh,Dakshin Bastar Dantewada,31.122830084426948,71.03257707994584,20.179009623317928,12
Maharashtra,Nandurbar,31.08252122122646,68.56929786854653,21.51990795523348,12
Haryana,Rohtak,31.00877665613052,69.86407835226457,23.043592273752807,13
Arunachal Pradesh,Kra Daadi,30.9784369454415,53.445429263176834,13.876283009796088,7
Andhra Pradesh,K.V. Rangareddy,30.77317977741446,38.630534976355946,26.783696774942864,3
Dadra And Nagar Haveli,Dadra And Nagar Haveli,30.763357575199077,67.96694145385224,19.34086942831189,12
Nagaland,Kiphire,30.73122258696911,64.04077108236248,14.219045027711498,12
Madhya Pradesh,Harda *,30.496022383136864,63.58541834507517,22.71861144368981,10
Nagaland,Kohima,30.41283636111581,69.21062970462397,19.616308936231643,12
Andaman And Nicobar Islands,North And Middle Andaman,30.354010342487804,63.144704977455405,20.36375691843995,10
Orissa,Jagatsinghapur,30.23200506496601,34.86170387634119,25.642671089205937,4
Mizoram,Serchhip,30.157139942313876,52.1062187104345,17.39542992647124,6
Nagaland,Wokha,30.12201282195433,71.45219496742774,17.605408360351422,13
Delhi,North East,30.058111784976372,75.25015250368223,15.284590169125709,13
Chhattisgarh,Raigarh,30.01756795515376,66.16764605863055,19.261984480015848,13
Rajasthan,Dausa,29.93369100248559,66.94443373700199,21.381133082677945,13
Rajasthan,Barmer,29.79138844533706,64.34274055782788,22.652183917383308,13
Pondicherry,Pondicherry,29.616573494647227,65.61689570874346,21.89295245278514,12
Rajasthan,Jaisalmer,29.545646929198174,67.9375593467619,16.08225673012645,13
Madhya Pradesh,Hoshangabad,29.395535200748252,72.4171907942699,9.44675068241862,13
Gujarat,The Dangs,29.37625152967554,66.43614465901327,19.7130879996709,11
Madhya Pradesh,West Nimar,29.345833015076945,66.79035197563697,21.62627639634448,11
Odisha,Nuapada,29.317777027015293,69.18929226964606,19.52298876647296,13
Maharashtra,Nandurbar *,29.313720133939693,40.19800601333553,21.58532857392882,12
Rajasthan,Nagaur,29.222599988003164,65.59390940905061,19.81544317021644,13
Haryana,Kaithal,29.21959561776605,68.73442990869981,18.649035558418767,12
Puducherry,Karaikal,29.204237611061426,64.85847060585537,16.661810068574045,12
Nagaland,Phek,29.1780933922954,69.99724607948662,21.517252872829285,12
Arunachal Pradesh,Anjaw,29.058299106175905,49.71170130013562,8.578779048138475,6
Rajasthan,Churu,29.05050926082362,66.23364631016088,20.935303987508988,13
Rajasthan,Jodhpur,28.978891351099378,64.83796673125877,22.409560239958463,13
Arunachal Pradesh,West Kameng,28.834160715524387,67.84870624599444,15.11173368240132,12
Punjab,Faridkot,28.734819552186003,71.80825847852454,16.876340524074035,13
Haryana,Jind,28.704796864718283,69.57710824218552,8.929661733645116,13
Pondicherry,Karaikal,28.690634606041144,41.88819655230492,21.599176838026224,11
Maharashtra,Wardha,28.663895198069508,73.08476026796447,12.582653631801264,12
Gujarat,Arvalli,28.60697482228544,68.56244429080307,13.530131129269968,12
Odisha,Nayagarh,28.58991091306997,70.12481359898939,17.53366726852571,13
Nagaland,Meluri,28.565291379173033,32.94349715997852,24.828505573146305,3
Jammu And Kashmir,Kishtwar,28.552371679665097,72.8488944454048,19.010763399865613,12
Gujarat,Devbhumi Dwarka,28.512484296528783,68.77319878025878,18.778195963430218,12
Punjab,Rupnagar,28.404094344303385,76.267156300493,19.37036645765372,13
Andaman & Nicobar Islands,Andamans,28.38715699802638,54.74457373910457,17.936000889504214,7
Madhya Pradesh,Harda,28.384382973625367,70.04539406034031,4.193099783561343,12
Maharashtra,Akola,28.33355831961344,67.65360265059887,13.381171861214606,12
Rajasthan,Hanumangarh,28.28244641955504,63.85864883106205,19.023098866728084,13
Haryana,Yamuna Nagar,28.230400991749466,68.97220718796727,17.647929660105977,12
Rajasthan,Pali,28.22583773538957,68.14877623359395,12.891872665401706,13
Maharashtra,Washim,28.222717079034098,63.523854002081656,13.079287652687563,11
Chhattisgarh,Bijapur,28.216403909830067,67.4044968116795,13.64964128131074,12
Gujarat,Narmada,28.188790180731857,66.68792567059009,17.5803324726665,11
Rajasthan,Sawai Madhopur,28.152506880814716,65.45764931256491,18.32724941373223,13
Haryana,Mewat,28.116358146739046,60.58286694441593,19.15878559898747,13
Jammu And Kashmir,Punch,28.08321023827055,68.18004431308863,13.692357687389466,12
Rajasthan,Bikaner,28.08054205172892,64.42761854402706,18.8454213209325,13
Andaman And Nicobar Islands,South Andaman,28.028894523015882,66.58929000664654,17.753561371163322,11
Nagaland,Mon,28.024017502955665,71.09712694182006,16.301973257401162,13
Rajasthan,Pratapgarh,28.016970876214316,63.19440200716646,19.608954572926827,13
Orissa,Cuttack,27.992852493130357,67.55299822939938,17.37277608509034,12
Rajasthan,Tonk,27.949889109339697,63.71713205618349,17.41822947703569,13
Odisha,Baudh,27.890237690118227,68.9529446428905,12.11272873635135,12
Madhya Pradesh,Dewas,27.880920677989316,70.48078298061984,4.5153385235871255,13
Haryana,Karnal,27.880307219923,69.52319307805502,13.98453406954694,13
Daman & Diu,Daman,27.87473640376626,29.128526323693,26.62094648383952,2
Puducherry,Yanam,27.85926649715469,31.664917112778472,20.28145343281032,4
Gujarat,Mahisagar,27.844352543539568,68.98617625818524,11.282996193487286,12
Mizoram,Champhai,27.84168717996648,68.78144648218952,15.284054342927986,12
Jharkhand,Purbi Singhbhum,27.794622381795815,73.39759440544816,19.93578278849041,13
Odisha,Jagatsinghapur,27.763540748325127,70.13700610537138,17.36984351970955,13
Rajasthan,Jhunjhunun,27.734773332082224,67.04233297365717,17.981842236713142,13
Gujarat,Dahod,27.716263505720562,68.30806724851358,10.539760225889973,12
Rajasthan,Karauli,27.702969356154345,64.832129519754,19.64739759119528,13
Punjab,Shaheed Bhagat Singh Nagar,27.63165007358725,78.4575393019296,4.0494615503790135,13
Rajasthan,Sikar,27.587915579345022,66.96757476756713,13.419975762544125,13
Kerala,Wayanad,27.58326802165949,63.500051665606,12.378036765378932,10
Gujarat,Tapi,27.580459942730347,69.18611895426233,15.970354617172848,12
Haryana,Kurukshetra,27.561317118494987,70.03120555133621,4.081435633516606,13
Nagaland,Dimapur,27.560217426125984,69.2964874915008,17.21387745482987,12
Madhya Pradesh,Vidisha,27.54173754079248,69.70023529154008,9.34261682323746,13
Rajasthan,Jalor,27.531154409935763,63.77263143150373,11.15778370576846,13
Karnataka,Bangalore,27.50664905396866,73.27693616239279,19.006901699477204,13
Nagaland,Longleng,27.49286002746447,73.83498480118193,4.101519054369598,13
Jammu And Kashmir,Kulgam,27.467274197756346,62.65176675226572,14.85032578558047,10
Rajasthan,Alwar,27.461359535541327,64.04563368175033,13.610721651789948,13
Haryana,Hisar,27.444016007370344,70.15050533209822,13.054959546924648,13
Jammu And Kashmir,Reasi,27.441555343440253,67.19321931546817,13.79071066188939,11
Gujarat,Chhotaudepur,27.410178478034194,70.94926028642833,9.644277493859963,13
Karnataka,Davangere,27.386567051382148,70.92709790517019,18.363342043714223,13
Odisha,Gajapati,27.348792996702922,69.46314651436094,17.37366069582743,12
Orissa,Nayagarh,27.313963350046162,37.35182930046892,20.91735650784073,10
Lakshadweep,Lakshadweep,27.295790619426214,70.60212388907654,16.8906315967525,11
Punjab,Ferozepur,27.282193592667326,70.11843587879837,17.770923455084056,12
Uttarakhand,Dehradun,27.277829894993772,64.68151150828334,16.448920616380285,13
Madhya Pradesh,Rajgarh,27.23350241722753,74.35606349457356,4.413234028297674,13
Mizoram,Saiha,27.203873350958688,68.02086573162653,12.120917333828595,12
Orissa,Subarnapur,27.203717381386298,37.65490997476423,16.75252478800837,2
Madhya Pradesh,Shajapur,27.1911913394675,73.53523564456667,4.37131857717132,13
Delhi,New Delhi,27.183221413005437,59.37014358291963,16.759103809493936,9
Orissa,Sundargarh,27.164491396717146,55.55771612379454,16.883693861873958,10
Rajasthan,Baran,27.142982667722496,62.9797786509097,17.836619567479186,13
Punjab,Mansa,27.115609088265163,69.24708987462935,13.348552825610378,12
Haryana,Fatehabad,27.102263056333328,66.73712464441142,15.211245942685125,12
Punjab,Moga,27.097314477189897,70.97202594776826,17.856687527803043,12
Odisha,Boudh,27.088721321864003,70.2294302842558,12.8382480223962,13
Uttarakhand,Rudraprayag,27.08177090652969,71.37812765089055,6.652796977268905,13
Nagaland,Zunheboto,27.06690326051367,67.52405527196477,18.153185584692636,12
Madhya Pradesh,Guna,27.062568293735403,71.79687348277376,5.915762383974876,13
Mizoram,Mamit,27.045914479476934,65.89670153025409,10.693602772206614,8
Himachal Pradesh,Mandi,27.04170792051197,72.74008695815606,17.547062768938865,12
Rajasthan,Bundi,27.041437365696854,63.317028837327534,15.82371853906986,13
Punjab,Hoshiarpur,27.027524336968103,69.08057658549062,16.860447591743135,13
Rajasthan,Ganganagar,26.98624132229299,65.09536728706551,15.976546826589573,13
Gujarat,Panchmahals,26.979211755244293,70.6974847542242,6.784848695690446,13
Gujarat,Anand,26.9644286917232,65.59292560040893,17.102300482713392,11
Maharashtra,Ratnagiri,26.94284493580721,71.5504192545717,10.307028154134636,13
Arunachal Pradesh,Papum Pare,26.89982784372411,68.65301915051555,14.174905815507756,13
Gujarat,Gir Somnath,26.8873233936514,65.98458208513827,18.341864883266364,11
Himachal Pradesh,Bilaspur,26.879215085966027,72.30631733100304,16.7584969451941,13
Rajasthan,Dholpur,26.878681509064265,59.76040872693983,14.785685140105247,13
Maharashtra,Gadchiroli,26.863920161900538,69.03422314889589,6.479195927593082,12
Jammu And Kashmir,Budgam,26.850833301999415,63.94156076237681,14.118589434056672,12
Orissa,Khordha,26.848191773950596,70.14839801831211,17.86740402245413,13
Punjab,Kapurthala,26.838583646110244,72.21950389072201,14.317159776798484,13
Uttarakhand,Chamoli,26.785630458729354,68.38574552558018,16.074478969638037,12
Telangana,Warangal,26.750796615115874,70.68233480302199,10.084374301480056,13
Punjab,Pathankot,26.745496362702198,67.77963056075434,13.455473833060417,12
Nagaland,Peren,26.72820062791985,66.32753175849793,11.27496899603284,12
Rajasthan,Ajmer,26.72327020116547,61.59466273860328,16.407190227803262,13
Madhya Pradesh,Jabalpur,26.722561591914925,65.10968828090768,4.90772134141768,12
Delhi,North East Delhi,26.707874156350353,63.85519005966977,13.132544039453316,13
Madhya Pradesh,Khandwa,26.690742084315577,71.82603470835873,4.539009213358596,13
Punjab,Fazilka,26.686185276494413,70.56437891554789,15.643878794382609,13
Jharkhand,Garhwa *,26.674015336005862,69.02938881413876,10.67622327797322,12
Punjab,Amritsar,26.64957522600255,68.39567765648347,15.106525092127033,13
Madhya Pradesh,East Nimar,26.639811744697223,71.56788142968348,4.633573499252945,13
Gujarat,Botad,26.636485560766257,66.43806591121896,14.134567054325736,11
Haryana,Bhiwani,26.596085570215628,71.88524513006442,7.855277402207335,13
Arunachal Pradesh,Lower Subansiri,26.594244535374948,64.5924609200472,15.2003326208228,11
Delhi,East Delhi,26.588057732788815,62.79324277031718,15.596608592832473,13
Odisha,Baleswar,26.52945166629248,69.2777832669134,17.34571688547502,13
Haryana,Sirsa,26.528887611776785,71.48959062993602,15.388780001497176,13
Himachal Pradesh,Sirmaur,26.521078074784903,100.0,13.66677187791478,13
Maharashtra,Bhandara,26.51456342513698,68.43451380888409,5.176145402980189,12
Mizoram,Lawngtlai,26.507148550057334,69.16507329728938,12.742402354521566,12
Rajasthan,Rajsamand,26.49143941802669,62.71038574655287,13.685008639417752,13
Karnataka,Chamrajanagar,26.48123197574692,65.34816967661855,11.002055859140514,12
Madhya Pradesh,Khargone,26.47103003946918,71.5442607062982,4.611906062451487,13
Haryana,Panipat,26.464748135860848,68.02988842958806,9.363999265831652,13
Punjab,Tarn Taran,26.46465872663935,71.58582063621047,17.882570999040265,13
Odisha,Koraput,26.46438333803319,67.83454224175327,18.496257896500968,12
Gujarat,Junagadh,26.45453749466002,69.11837676933906,9.882348952899765,12
Odisha,Cuttack,26.439914245921504,71.59519987545816,15.847694475733636,13
Gujarat,Surendra Nagar,26.437918417558688,68.17432498956654,12.893761292054478,12
Odisha,Angul,26.423151879038606,68.66108423862798,17.6779789084585,13
Puducherry,Puducherry,26.404326874050486,64.31300984699564,17.60155516863272,13
Rajasthan,Banswara,26.38353559244427,60.24116779311197,11.137821775406811,13
Puducherry,Pondicherry,26.361565038394435,26.361565038394435,26.361565038394435,1
Madhya Pradesh,Damoh,26.360615198939,72.14908488258429,4.465338134138722,13
Orissa,Bargarh,26.350063161597603,58.08498061490528,13.504444563064554,10
Haryana,Ambala,26.346395365005037,67.24535470027018,11.949131157009283,12
Odisha,Khorda,26.34241630463126,71.54341713537728,18.33320755411473,13
Chhattisgarh,Korba,26.339958569133216,67.25635454660532,14.471238251306284,13
Haryana,Jhajjar,26.32741992551391,68.70254730967423,11.11099638022378,13
Haryana,Mahendragarh,26.31965055617566,67.78631727073574,14.753121246736375,13
Maharashtra,Jalna,26.302067914988967,69.50482860463313,9.175938034468038,13
Gujarat,Banas Kantha,26.234528226798716,47.12334486987165,15.430397225270422,9
Andhra Pradesh,Nizamabad,26.23319711078584,62.56536074185242,12.770135191817916,11
Gujarat,Amreli,26.21338211032484,68.00922412133123,18.543350421700865,12
Chhattisgarh,Raipur,26.211750364332545,67.58005312520974,14.305662448017776,13
Uttarakhand,Bageshwar,26.188345203710877,72.65915314501763,15.354670859957244,12
Andhra Pradesh,Medak,26.17684536480326,62.42797881817734,12.781332283384277,12
Orissa,Rayagada,26.16563948636256,59.79768529670422,12.777370878739,9
Andhra Pradesh,Rangareddi,26.162851860658524,67.35629962947354,15.865010363134944,12
Andhra Pradesh,Hyderabad,26.1547002492584,70.76104884980947,9.359989102369722,13
Rajasthan,Jhalawar,26.14444462384732,58.25293473275905,17.459101877628626,13
Maharashtra,Gondiya,26.136892306218183,65.65247488234661,15.767813215260093,12
Punjab,Fatehgarh Sahib,26.085112704502706,70.39899696427834,14.269816245780206,12
Delhi,North West Delhi,26.03909018150108,64.84249987952144,15.567709454081411,13
Uttarakhand,Champawat,26.035707350223422,65.0759572008994,8.65522372483401,11
Karnataka,Davanagere,26.03389358803112,64.96794642628775,17.281345168013985,13
Rajasthan,Jaipur,26.03259692214668,64.1704617587939,16.987121494366985,13
Odisha,Puri,26.014546348148205,69.83063960396053,17.017546275534098,13
Uttarakhand,Tehri Garhwal,26.014468503027487,68.86447745962116,15.874959674885774,13
Odisha,Bhadrak,26.00528737090768,69.22822540816124,9.033220063750017,13
Maharashtra,Amravati,26.001208677415086,69.92523852238381,6.14568330149397,13
Rajasthan,Chittorgarh,25.991102614839836,61.92364760288496,15.577596105649242,13
Madhya Pradesh,Sehore,25.973724012317295,72.50063378110401,4.6742919377894685,13
Rajasthan,Sirohi,25.965862353455194,64.36773075458186,4.59850875386705,13
Delhi,North Delhi,25.954223100086036,65.91471515745833,12.392065639642366,13
Madhya Pradesh,Ashok Nagar,25.94613252360898,68.8767457998727,15.08457581149618,13
Jammu And Kashmir,Ramban,25.942707926760466,66.04661017405267,15.679206597872808,11
Chhattisgarh,Koriya,25.932577230011518,66.48004154426893,14.589532655327895,12
Odisha,Debagarh,25.929403302695643,66.52632956195109,15.8781852867837,12
Jammu And Kashmir,Shupiyan,25.918921797256896,67.75690116063058,4.039452612142856,12
Telangana,Medak,25.91009878832747,66.10963746174974,12.03166202474743,12
Andhra Pradesh,Visakhapatnam,25.908557220831526,72.21867772171956,15.366482810459026,13
Madhya Pradesh,Anuppur,25.900737657437723,75.50513255898682,4.307297440052657,13
Madhya Pradesh,Dindori,25.890059244058662,68.63464113180443,8.57347486236202,12
Arunachal Pradesh,East Kameng,25.85732777019739,65.48734779148054,11.170307034605392,12
Rajasthan,Kota,25.846490549850653,64.02146910335419,17.34458882211696,13
Manipur,Jiribam,25.829373335851223,63.23072233161494,7.841071144299525,11
Rajasthan,Dungarpur,25.825254943629524,60.71538181789394,14.008514863547768,13
Orissa,Malkangiri,25.820025762983967,40.73095303962186,8.567983286750538,7
Odisha,Kendrapara,25.813782869156558,67.19749130956923,17.201566675899116,12
Chhattisgarh,Kanker,25.781307964787363,69.29643750431647,12.24202901882239,12
Assam,West Karbi Anglong,25.7715586432044,60.7303485677356,15.165317224242086,13
Rajasthan,Bharatpur,25.763493482434363,63.08658538590775,7.247197836993382,13
Delhi,South Delhi,25.754791559119358,67.66926594843859,15.279899083260542,13
Odisha,Jajpur,25.7297336530447,68.24703690759516,12.52869870519174,13
Odisha,Sundergarh,25.729317666270422,68.1160226025888,16.146214179383488,12
Andhra Pradesh,Warangal,25.724421082507032,67.23082509509956,15.19802328815492,13
Maharashtra,Sangli,25.72120694562095,67.4542857693057,7.500007301804147,13
Telangana,Medchalâˆ’Malkajgiri,25.72009280890859,42.37312135145983,13.531536529357345,13
Karnataka,Bagalkot *,25.715685363129076,59.46850510735131,8.694940183084475,10
Odisha,Sonapur,25.711104298003665,66.11953706411654,15.683904526940458,12
Gujarat,Banaskantha,25.703708807638453,65.76835262117802,5.985608095616703,12
Dadra & Nagar Haveli,Dadra & Nagar Haveli,25.688407409937405,60.159939925832894,3.5553420475638315,9
Uttarakhand,Nainital,25.679959415811275,63.105929789174525,5.736562678281099,13
Maharashtra,Buldhana,25.668491176396603,65.68348698571457,5.671249889687265,13
Punjab,Sri Muktsar Sahib,25.665248679282158,71.94746049893935,16.01184803217444,13
Gujarat,Bhavnagar,25.661797970274524,71.07051484754695,8.97567667032304,13
Odisha,Balangir,25.649057630832715,70.53470512382427,12.37949706529683,13
Himachal Pradesh,Hamirpur,25.648921910107205,71.4481806607703,4.044497751812895,13
Mizoram,Aizawl,25.639498136049532,74.11919720602206,12.899509708032175,13
Odisha,Kandhamal,25.615767341693754,69.43599120477016,14.749695052383633,13
Madhya Pradesh,Alirajpur,25.613470206497922,69.71312609956125,4.240420864090693,13
Rajasthan,Udaipur,25.607422378121292,63.92744472415025,5.454869147659859,13
Jharkhand,Lohardaga,25.600206574410485,68.96820224271949,16.265630411313627,13
Madhya Pradesh,Raisen,25.599174989470633,70.88375206001504,8.801769955968984,13
Maharashtra,Ahmed Nagar,25.591451400804193,50.879750087652695,11.483697180364016,11
Chhattisgarh,Durg,25.581503551404175,67.63313053999991,8.638148499438394,13
Bihar,Purnea,25.576688531073476,67.36594043880837,11.274183463572289,12
Delhi,Central Delhi,25.568080082908907,66.96782147689322,14.047499625588005,13
Punjab,Jalandhar,25.55721045214144,78.12966388692527,16.067806538286312,13
Jammu And Kashmir,Rajouri,25.55712410063141,71.80958347936154,7.805037016622387,13
Tripura,Unakoti,25.548351697365536,70.72721549873235,9.470395261800991,12
Odisha,Dhenkanal,25.517304875639002,67.9217399097385,16.484779553001054,12
Nagaland,Mokokchung,25.5171913834281,68.70595625959055,3.913718661972968,13
Nagaland,Noklak,25.474461865991305,54.59668184689199,10.932715382288835,7
Maharashtra,Aurangabad,25.467717465991253,67.91327650614966,6.477485942835526,13
Himachal Pradesh,Una,25.44949129119639,71.74542485145963,15.447422823769015,13
Madhya Pradesh,Chhindwara,25.43156421499478,65.35755918869212,5.180250367519714,12
Odisha,Khordha,25.427247959158567,62.30466587085488,16.975662883881327,12
Chhattisgarh,Bemetara,25.42609824848876,71.1035057290529,15.209295996744396,13
Madhya Pradesh,Bhopal,25.40838308918285,68.42522833966771,7.269452098894749,13
Madhya Pradesh,Sagar,25.401725442555026,70.14697714810278,7.304349062247451,13
Odisha,Bargarh,25.399548259007094,67.30143502633945,14.789179051245211,12
Odisha,Nabarangapur,25.375164822250802,69.73707031017263,10.703685361885938,13
Maharashtra,Mumbai,25.368636919057696,70.2433975109807,12.624811018840097,13
Maharashtra,Dhule,25.345788554339094,69.52193195733354,5.014896700224359,13
Maharashtra,Satara,25.34224616458524,65.8421546541142,9.86346692493156,13
Karnataka,Chamarajanagar,25.325522154882762,63.315259027077744,7.68491388205198,12
Rajasthan,Bhilwara,25.304634072889858,61.72795838424747,14.03242987986865,13
Madhya Pradesh,Burhanpur,25.29634743011065,72.620807457134,4.096495155098276,13
Gujarat,Ahmadabad,25.292786521926715,64.84035285077597,8.245076094635943,12
Madhya Pradesh,Betul,25.270541117679866,71.05436384249026,4.317246679460853,13
Madhya Pradesh,Panna,25.259414363035017,71.34672065128689,5.495983451634475,13
Punjab,Gurdaspur,25.25403977722194,69.73124782036575,10.778432746404368,13
Chhattisgarh,Dhamtari,25.229489223893044,67.18910662817116,16.067518460750684,12
Punjab,Bathinda,25.19832585739476,71.02392280619429,17.644859400469052,13
Madhya Pradesh,Shivpuri,25.197807887253642,71.69935476196508,6.19835436796227,13
Madhya Pradesh,Tikamgarh,25.197070130249678,73.93526775464646,5.04234004854992,13
Maharashtra,Jalgaon,25.172734203840836,69.13574076802293,5.330244274418127,13
Arunachal Pradesh,Lower Dibang Valley,25.172519185040738,58.12648427576835,12.26707969600765,8
Orissa,Jajapur,25.169431352266827,57.339136069309696,11.705891057799532,9
Jharkhand,Khunti,25.107479242290008,69.30769619384071,17.26898020996298,13
Gujarat,Dohad,25.106995872203616,70.66702817038723,3.974116954061048,13
Gujarat,Morbi,25.103047390298844,67.21017003263452,9.68379371518159,12
Madhya Pradesh,Balaghat,25.10269821407797,65.91094783586959,9.51965055229465,12
Madhya Pradesh,Narsinghpur,25.083446568459642,69.9066897416196,5.178765951259492,13
Maharashtra,Beed,25.065884591282174,65.93965680408928,4.770502468189046,13
Karnataka,Mysore,25.05984712748831,70.52274207939196,12.370334312728646,13
Gujarat,Kheda,25.05683405634692,66.72728903344009,7.2050416996718605,12
Punjab,Sangrur,25.045173684911468,71.10656781742173,12.818567780134495,13
Odisha,Jharsuguda,25.040904212117407,66.42848688974038,15.290131019924592,13
Odisha,Malkangiri,25.02769648206836,70.22582461672938,15.985498991556348,13
Arunachal Pradesh,Upper Subansiri,25.01600844341698,64.69087015085904,3.9357279036365047,11
Delhi,West Delhi,24.99062639800605,62.83257217729431,13.064910057761788,13
Uttar Pradesh,Sant Ravidas Nagar Bhadohi,24.981499025808503,32.26266169005052,15.52248457985534,9
Punjab,Muktsar,24.981209098818443,68.8924410899359,12.783061380548036,12
Chhattisgarh,Mungeli,24.980257394368667,64.0890983382091,9.441951015256729,13
Himachal Pradesh,Solan,24.978014537974843,75.12320394268292,14.76879552362063,13
Karnataka,Raichur,24.97110146673833,69.79546751758812,11.704679208816165,13
Chhattisgarh,Sukma,24.935097674962943,65.81012730718616,12.360965639955642,12
Jharkhand,Pashchimi Singhbhum,24.927977198415988,67.00823441524125,10.699157064127188,11
Odisha,Jagatsinghpur,24.91632097554121,66.99716543294011,8.209668714642541,13
Punjab,Patiala,24.89520674923005,67.99866167288144,16.620997463629884,13
Haryana,Sonipat,24.869452845105254,68.22857248410031,12.745909547960082,13
Madhya Pradesh,Agar Malwa,24.863414956299717,65.22742464881287,4.531639997127876,12
Karnataka,Ballari,24.856832732667993,67.18765685338828,8.934455362898978,13
Haryana,Panchkula,24.854695726373798,80.31566344701892,11.638130214974222,13
Andhra Pradesh,Adilabad,24.85098703255847,67.02198590153974,4.025771293995319,13
Tripura,North Tripura,24.837171568696167,72.03176763706027,13.83284420945432,13
Gujarat,Patan,24.811227002904364,68.00393166863803,8.250090877626633,12
Telangana,Mahabubnagar,24.808593447099707,68.68840712384325,5.355065371331841,13
Uttar Pradesh,Lalitpur,24.807915011964006,65.84031180872864,8.126581895099028,13
Jammu And Kashmir,Jammu,24.793380095731735,70.11121149664258,14.810547636554348,13
Punjab,Barnala,24.791157157398878,73.85708753506445,11.554863765500542,13
Maharashtra,Latur,24.78749532148718,69.69416541473251,8.12034086872399,13
Andhra Pradesh,Karimnagar,24.772906921828927,64.54466318219939,4.316781637596077,13
Chhattisgarh,Rajnandgaon,24.763342478552616,69.0164762394166,11.414043951855254,13
Jammu And Kashmir,Kupwara,24.76305697134285,67.64410847658785,9.380429233395796,13
Jammu And Kashmir,Udhampur,24.761657671748853,67.31779768392182,10.957178484763254,11
Orissa,Dhenkanal,24.75419463090343,65.56756779398776,9.1737088617633,12
Madhya Pradesh,Ratlam,24.747280866370655,70.8681953021473,6.504771491270446,13
Arunachal Pradesh,Changlang,24.731481916570754,64.12387272451119,15.945295714892568,13
Uttarakhand,Almora,24.707374907341407,71.88643052367,8.304791826485845,13
Jammu And Kashmir,Srinagar,24.69473640600241,68.78098952075852,16.640244835542067,13
Karnataka,Kalaburagi,24.68510215507902,67.58607049128217,11.997019118632153,13
Tamil Nadu,Perambalur,24.683555889162747,72.36073370681208,10.19369520424073,13
Jharkhand,East Singhbhum,24.663494362131264,70.50921131499189,15.953413619138866,13
Chhattisgarh,Balod,24.656458827436783,71.05939905681244,7.312100967643568,13
Madhya Pradesh,Rewa,24.653945742136948,71.85509053826546,6.609572024008164,13
Madhya Pradesh,Jhabua,24.650612556090266,68.4306685170096,11.618792500725611,12
Madhya Pradesh,Barwani,24.634993139684987,69.73058377579798,4.492340854986291,13
Andhra Pradesh,Mahbubnagar,24.629577494231295,60.990427939838376,12.349054401212795,12
Maharashtra,Kolhapur,24.610073211315996,69.35866138994038,9.835012845831786,13
Gujarat,Mahesana,24.601271932222268,70.19696217795558,7.750363300876607,13
Chhattisgarh,Janjgir-Champa,24.591931952484693,69.71390444031587,13.811777336360745,13
Chhattisgarh,Gariyaband,24.58840458581474,66.86767295523632,15.234253703393607,12
Karnataka,Tumkur,24.572282068737618,71.00055191998767,9.614461941772356,13
Maharashtra,Nashik,24.5691272529754,67.65108053634353,6.846660612500604,13
Haryana,Rewari,24.564000424200064,66.68491444653385,14.733689667425732,13
Odisha,Rayagada,24.548158426538173,69.68483665701747,15.171202078098728,13
Kerala,Thrissur,24.54755326442786,66.04671102193667,5.0964382689914425,11
Madhya Pradesh,Narsimhapur,24.543718314817607,69.30901548535543,3.8995136949450737,13
Maharashtra,Nagpur,24.531287411735583,68.91518441980597,8.146421081589969,13
Orissa,Kandhamal,24.52865491240802,29.042201755775206,17.254080084291466,6
Karnataka,Mysuru,24.526934386997667,67.81775684550088,12.635938997807468,13
Gujarat,Sabarkantha,24.511496526208706,66.73650511872832,8.242948004916776,12
Karnataka,Dharwad,24.49676890124552,70.0570431388058,12.85421070658593,13
Gujarat,Valsad,24.486342825966595,67.81415527469379,12.513136688573994,13
Telangana,Adilabad,24.480928909616996,67.35568068658488,5.698537976274679,13
Odisha,Mayurbhanj,24.436876351076464,70.03565375832642,15.33795025212379,13
Madhya Pradesh,Shahdol,24.416304957772606,70.05549500725255,4.542314656702754,13
Tamil Nadu,Dindigul,24.410918214240652,71.97702099186688,5.246619592321207,13
Odisha,Kalahandi,24.409572302119617,69.47616783988725,5.903710219284388,13
Jammu And Kashmir,Samba,24.373217821388515,63.89072616166317,12.154534038147297,11
Chhattisgarh,Kondagaon,24.350925645544407,72.85617457133242,11.388385729967304,13
Madhya Pradesh,Mandsaur,24.33773637466961,71.25662483989568,4.694090898997439,13
Karnataka,Bellary,24.31436914820765,70.45113294208603,6.717867996931381,13
Madhya Pradesh,Ujjain,24.3076100850995,69.0464969329709,4.358020128098386,13
Uttarakhand,Pauri Garhwal,24.28950734117134,67.86906127036384,6.7412531101289845,13
Madhya Pradesh,Umaria,24.272289306365582,64.3633797004311,10.500779913369266,13
Kerala,Kasaragod,24.270417014013947,67.8151546495989,10.78423665916636,11
Orissa,Baleshwar,24.24973914489396,66.21929356470241,9.088104738401292,13
Jharkhand,Chatra,24.24795497790602,67.71969905888325,11.94566201959801,13
Karnataka,Gadag *,24.24409326215022,61.25976897272027,16.195782732353226,11
Uttar Pradesh,Hapur,24.240770660644475,64.38975867856487,5.533700069930305,13
Tamil Nadu,Sivaganga,24.24057680006739,68.51785714696753,6.6079671256177255,12
Madhya Pradesh,Gwalior,24.236088792241876,69.13637131518095,4.333345041436146,13
Kerala,Kannur,24.20418058155907,65.30705376447732,9.640385604411348,11
Jharkhand,Ranchi,24.179347875532986,70.73528223536972,13.948908266421393,13
Orissa,Bhadrak,24.15370071366654,69.09135983596576,3.873623061010656,13
Maharashtra,Ahmadnagar,24.150374045024556,65.02730882183957,5.356221717788776,13
Delhi,South West Delhi,24.128754331137007,64.68218779668273,10.594108746870958,13
Jharkhand,Simdega,24.123558574134943,71.68356117882381,11.436414980466513,13
Sikkim,North Sikkim,24.114084348411602,55.26336424808488,11.626979291101382,7
Odisha,Jajapur,24.10778048855589,70.5231962723989,8.778578537237328,13
Chhattisgarh,Kabeerdham,24.10384229379431,67.9961038731551,9.063952646621626,13
Arunachal Pradesh,East Siang,24.101780159431758,64.63451869843513,10.569493549119027,12
Gujarat,Ahmedabad,24.099694855348446,68.5502003926327,7.795071899914532,13
Jammu & Kashmir,Baramula,24.090873366696286,30.28908384482458,13.843272077626803,5
Odisha,Ganjam,24.089480862565544,69.9581256368526,15.291075946174852,13
Meghalaya,West Garo Hills,24.08897570745822,68.26842416194789,10.2459528111495,12
Madhya Pradesh,Chhatarpur,24.081716711447765,69.16964811572777,4.534312485691088,13
Himachal Pradesh,Lahul & Spiti,24.074676277136437,33.44433438478116,15.364773845892998,6
Kerala,Idukki,24.047454729175115,68.28409587917264,10.255787469646364,11
Maharashtra,Nanded,24.036060614043883,67.50783242271795,5.360048722622619,13
Goa,North Goa,24.035972912977623,67.14562641790135,15.363312343424976,12
Karnataka,Bidar,24.015110798867376,67.90606423531376,13.375572326926454,13
Chhattisgarh,Bastar,24.004106404529633,66.05304870902242,15.308056472542434,13
Maharashtra,Chatrapati Sambhaji Nagar,23.996724434510327,52.88648287729517,5.369358040068232,11
Jammu And Kashmir,Kathua,23.988403624617106,70.66019468138337,15.226671526869117,13
Andhra Pradesh,K.V.Rangareddy,23.963697073192243,37.2037220417377,3.0800264193062525,10
Assam,Majuli,23.935277186229687,65.9195098436143,10.221604844662354,12
Assam,Cachar,23.934265499190737,63.99662267959858,16.138534009286975,13
Orissa,Koraput,23.929621891861444,57.33679539440905,12.839951201098796,10
Jharkhand,Garhwa,23.926063075110303,70.45907804472445,9.44375717477208,13
Kerala,Kasargod,23.92132276630963,51.09405303731546,10.533357123146075,11
Odisha,Kendujhar,23.921000776177696,69.54934788163398,16.579498127430046,13
Tamil Nadu,Ariyalur,23.91690510775656,74.12004723728657,5.700348321394052,13
Odisha,Sambalpur,23.91671729749239,68.66017743187327,15.462680889108698,13
Andhra Pradesh,Karim Nagar,23.911676499549287,58.809946372585244,8.569441838439154,11
Orissa,Puri,23.89487102199608,63.11263546621865,16.33909274073707,11
Delhi,Najafgarh,23.872454035916014,34.73812594021882,15.73216702964918,5
Assam,North Cachar Hills,23.86739183172116,55.99154185612112,10.820850766231889,12
Assam,Barpeta,23.86269886513581,65.18389705626525,10.44170437721388,13
Madhya Pradesh,Satna,23.86145221467698,67.87590268605192,4.931491636885887,13
Jharkhand,West Singhbhum,23.85897481294859,70.92215238208969,9.416439032806023,13
Maharashtra,Solapur,23.851442217627984,65.34830427206005,8.845854005568372,13
Odisha,Anugul,23.849724871751704,58.736695602112285,14.240256963190005,12
Assam,Bongaigaon,23.848891630419033,62.46564885297562,11.427262559750066,13
Assam,Dhemaji,23.82655300362528,61.22498155285422,15.988985942502516,13
Arunachal Pradesh,Namsai,23.820546682414587,73.79448865809546,7.228984722687935,12
Telangana,Nizamabad,23.809838382082486,65.02863686469013,6.350750037757528,12
Karnataka,Chikmagalur,23.808640212251227,60.712052130147846,11.623170840625756,10
Tamil Nadu,Karur,23.800793501090798,66.75105449037842,9.42858821475157,12
Orissa,Balangir,23.797036697318195,70.86976993621556,3.968133718668408,13
Mizoram,Saitual,23.786781033110756,39.05771860269425,8.515843463527263,2
Odisha,Baleshwar,23.76239617557239,67.82810234266638,15.392108503352349,13
Karnataka,Gulbarga,23.73371339626631,70.63527560340091,13.177179911624185,13
Andhra Pradesh,Kurnool,23.729451405439594,71.49766037742839,4.844917257376614,13
Arunachal Pradesh,Lohit,23.706293779663028,64.98492180707765,12.238599424535318,11
Odisha,Sundargarh,23.70425740600446,67.72681363827877,15.65678240708572,12
Gujarat,Vadodara,23.65382097959603,69.94301797959834,5.966796978528646,13
Rajasthan,Dhaulpur,23.63508272417765,50.472006407117775,2.9406265652694383,12
Andhra Pradesh,Vizianagaram,23.62461372441497,72.91714944991463,10.65813118347362,13
Chhattisgarh,Uttar Bastar Kanker,23.617876165672246,34.83968654259463,17.568464775292217,11
Himachal Pradesh,Kangra,23.61651120769056,71.3401319968752,9.203811031249575,13
Jharkhand,Dhanbad,23.615990983481847,67.57388569060195,13.311053753877644,13
Gujarat,Jamnagar,23.615402438022457,68.57017498249542,5.71239691750712,13
Kerala,Pathanamthitta,23.60068012713207,67.58667072737805,7.590442543357106,11
Maharashtra,Buldana,23.598925165640978,67.39715087220527,4.553840882337648,13
Maharashtra,Yavatmal,23.58705901013838,64.24260715145977,7.319855889679568,12
Karnataka,Yadgir,23.58482585970743,68.33958147440046,8.787400577577557,13
Nagaland,Tuensang,23.578663629118065,68.92803091198998,6.354739175678973,12
Uttarakhand,Uttarkashi,23.54756345420587,68.44490943602156,14.253764042912575,12
Tamil Nadu,Kanyakumari,23.540439433976417,60.5307593333842,13.256708253352912,11
Madhya Pradesh,Bhind,23.53883769478915,68.62886991760267,5.418662783886982,13
Karnataka,Gadag,23.533919421160096,69.46748932079403,4.848142248321994,13
Andhra Pradesh,Mahabub Nagar,23.52567197508767,42.35510403385493,3.0518236754112,13
Karnataka,Tumakuru,23.524606319002626,68.18460329149437,9.549947747273878,13
Tamil Nadu,Tirunelveli,23.499798835039147,70.8106559993782,4.595569461659772,13
Arunachal Pradesh,West Siang,23.48034676122028,61.297786899659854,15.747422035084648,12
Chandigarh,Chandigarh,23.462538820840287,67.09180530519308,10.06304925403788,13
Maharashtra,Hingoli,23.4533125639836,67.52251094900883,5.988429653881901,13
Karnataka,Chickmagalur,23.449997239801338,68.20366772718725,7.046969911981692,12
Odisha,Subarnapur,23.446853565461648,68.68685400353178,3.972131966391336,13
Assam,Nalbari,23.441705811288802,58.15173290513353,14.764116090476364,13
Madhya Pradesh,Seoni,23.441482849338033,65.46747763654558,9.89379742251796,12
Tamil Nadu,Ramanathapuram,23.42458800203997,68.73633615048094,6.386468392361348,12
Tamil Nadu,The Nilgiris,23.408902180406475,70.49535342710662,7.572543181424885,12
Gujarat,Sabar Kantha,23.391911935787697,34.91399097578964,3.415074644480613,11
Madhya Pradesh,Indore,23.386531606372525,66.02250475331157,7.645923570262578,13
Uttarakhand,Pithoragarh,23.38410864172412,69.7264441481968,5.194095881106447,13
Arunachal Pradesh,Longding,23.37399914089472,68.427726638034,3.7524698464157256,13
Maharashtra,Chandrapur,23.371498471758784,68.09363834803244,4.984155863823218,13
Gujarat,Porbandar,23.352649532038118,66.01281059077759,14.395899469013912,11
Maharashtra,Sindhudurg,23.347828334250234,69.32445398352675,7.99424145742476,13
Arunachal Pradesh,Tawang,23.338875437847,56.57715980024376,9.89241955180768,8
Andhra Pradesh,Nalgonda,23.31814638288716,60.66747083788208,11.608812094765446,12
Gujarat,Bharuch,23.31398602807627,65.45210004195417,5.039130376403671,12
Jammu And Kashmir,Leh,23.305095532352805,54.60968130416712,11.073074183346986,8
Gujarat,Kachchh,23.297322896738375,69.271045187063,5.350073210540889,12
Punjab,Malerkotla,23.29042729700151,63.75006550753348,11.136036411561449,12
Madhya Pradesh,Neemuch,23.281212318831123,69.1149436858408,4.5968967762431845,13
Uttar Pradesh,Mahoba,23.275448421031953,66.49718641122809,6.557031383391111,13
Goa,South Goa,23.267951418681378,72.38364904343763,13.43603934583868,13
Maharashtra,Bid,23.246857152864674,57.15337136839422,6.228888273939165,12
Jharkhand,Seraikela-Kharsawan,23.223258398283324,70.98970181077038,10.138735984616092,13
Madhya Pradesh,Datia,23.20199733003145,70.0755075645214,6.122718904864021,13
Manipur,Bishnupur,23.198924437058565,58.82973345147892,9.244811361376874,13
Tripura,Dhalai,23.18718647485109,71.73429683246859,5.531464265361618,13
Tamil Nadu,Tiruchirappalli,23.186775067836024,71.68392774752618,6.616635872439189,13
Gujarat,Navsari,23.171057478145357,65.69779256661113,6.299381909272403,12
Tripura,South Tripura,23.16299615658986,66.16631120698031,11.545662575979833,11
Kerala,Palakkad,23.148595282096448,70.53126729513966,5.062281987507326,12
Chhattisgarh,Bilaspur,23.145817882638212,66.98731538153902,10.37941996836978,13
Karnataka,Bagalkot,23.14489105133098,67.31969858277677,12.13293117427824,13
Karnataka,Ramanagar,23.142455485849773,66.39117753669758,9.660737883946515,13
Assam,Charaideo,23.13436178058233,58.51950860000819,13.628419322403436,13
Himachal Pradesh,Shimla,23.10294453863159,74.40097216481725,11.521819773456269,12
Tamil Nadu,Thiruvallur,23.09180305282284,60.52304037979024,13.940345496749444,11
Andhra Pradesh,Krishna,23.079940144191742,72.10485117708252,6.322538008366502,13
Punjab,Ludhiana,23.078486699067145,68.68404918114376,13.318126750417832,13
Dadra And Nagar Haveli And Daman And Diu,Dadra And Nagar Haveli,23.063674149689096,66.65341676094452,5.969461657628815,11
Karnataka,Bijapur,23.062638974262008,68.35114715015496,9.672598729130916,13
Bihar,Sheikhpura,23.059265078186044,66.29518729553565,12.414379859081446,13
Maharashtra,Osmanabad,23.047544021879556,64.81960670520671,8.05057497950995,12
Tamil Nadu,Kanniyakumari,23.043914738456024,69.80034374942022,5.221886275977542,13
Tamil Nadu,Villupuram,23.034212459201946,72.24196302195173,6.179174766035275,13
Uttar Pradesh,Sant Ravidas Nagar,23.020005711436156,65.94231087981944,6.454474601318052,13
Maharashtra,Parbhani,23.013527689781604,67.12567885392501,6.506760551130986,13
Sikkim,East Sikkim,23.00624455737326,65.10845309531537,9.214756186882356,12
Maharashtra,Thane,22.995128931193253,64.94601730430031,8.907379544766796,13
Madhya Pradesh,Sidhi,22.98316899292201,72.2206246846626,4.87263157893798,13
Tamil Nadu,Namakkal,22.961317882148595,68.34630641141759,5.598835236402334,12
Uttarakhand,Udham Singh Nagar,22.952098097537835,63.80555703232732,7.534934453270907,13
Madhya Pradesh,Singrauli,22.95016275634136,71.24111393957119,4.264208159217029,13
Karnataka,Chamrajnagar,22.936924886568164,57.55556973509428,3.521848562850483,12
Jammu And Kashmir,Doda,22.92651189931376,72.6461905148563,7.070061112786062,13
Haryana,Palwal,22.916357621723094,64.36310434519532,4.634696001032459,13
Andhra Pradesh,Alluri Sitharama Raju,22.8983090647068,67.85194858660127,4.59094603817322,13
Gujarat,Surendranagar,22.895482532152553,31.786903012901025,15.1046959526782,11
Uttar Pradesh,Shamli,22.8873327221487,66.61003348054314,4.687933235466975,13
Karnataka,Belagavi,22.871591388193387,68.12212741290517,13.052962778069649,13
Jharkhand,Koderma,22.864634658958035,67.87214319415646,11.54083967538373,13
Manipur,Imphal East,22.858746679714287,69.20360609800727,9.973094371849191,13
Telangana,Nalgonda,22.839941083908872,68.75140107668133,5.548760131970546,13
Karnataka,Belgaum,22.836448459728068,69.52263646761979,12.753795793030976,13
Rajasthan,Chittaurgarh,22.82602822986191,61.55850363529117,3.355274559097821,13
Punjab,Nawanshahr,22.81605756293645,33.96565886347563,16.25847696280974,9
Tamil Nadu,Tiruppur,22.799762222013303,66.8127340673147,4.7503781747074045,12
Haryana,Faridabad,22.783339750853884,62.69219934138781,11.952667155745855,13
Jharkhand,Jamtara,22.767288588773674,70.10807237429472,11.04716444260565,13
Telangana,Karimnagar,22.763049959012523,68.1722794484236,5.347173424421244,13
Jammu And Kashmir,Ganderbal,22.746840069031432,63.60275666026763,10.285920100091277,12
Uttar Pradesh,Sonbhadra,22.737745065153174,68.09371640631332,5.02188275315056,13
Telangana,K.V. Rangareddy,22.724440692623226,66.17083050696638,6.867505593230253,13
Maharashtra,Pune,22.65834715776555,66.05109005601683,9.244891530194831,13
Madhya Pradesh,Niwari,22.64734910403699,63.1097013165306,3.9228317673707305,10
Karnataka,Chikkamagaluru,22.62115005944021,62.089601656442646,13.49094262978089,11
Madhya Pradesh,Katni,22.619206100920046,67.07473943157908,4.171520826499268,13
Jharkhand,Palamau,22.61872869455483,66.30609360640965,8.530755050010814,12
Kerala,Alappuzha,22.5997383510726,67.80804325948779,5.234144992672694,11
Karnataka,Shimoga,22.55951676620945,69.03951548320504,10.919079986701009,13
Uttar Pradesh,Etawah,22.559287466532417,65.11216239050438,5.536848600809133,13
Karnataka,Kolar,22.555499323458477,67.94199075544759,8.305908646766083,13
Andhra Pradesh,Ananthapuramu,22.54940244791872,74.22661545089234,4.276708740427948,13
Tamil Nadu,Krishnagiri,22.54347564960138,69.79951427980099,8.074442249165907,13
Andhra Pradesh,Ananthapur,22.52452970844947,74.9934216594887,5.229951736084511,13
Uttar Pradesh,Kaushambi,22.52363479401007,66.13321763476868,7.417478546345319,13
Tamil Nadu,Virudhunagar,22.51994570921384,70.15545686398777,5.438423134577445,13
Jammu And Kashmir,Baramula,22.509201770614297,68.12500111007515,4.033567635789041,13
Mizoram,Lunglei,22.494615918184152,68.21463835879686,9.47520925351253,11
Chhattisgarh,Mahasamund,22.493648320022178,64.72214520505204,9.621319651229806,13
Maharashtra,Raigarh,22.48552204125296,70.4900918446001,5.475420501717641,13
Andhra Pradesh,West Godavari,22.481563300089096,70.96230995621144,9.37918134126414,13
Gujarat,Gandhinagar,22.46971209663547,68.50096649855163,4.010330572573609,13
Arunachal Pradesh,Siang,22.464072264358155,29.003363806986865,14.368493033099568,7
Kerala,Kozhikode,22.46399558794156,65.06472946144969,8.903777969037936,11
Uttar Pradesh,Faizabad,22.461448503611596,67.42295017024233,8.93051452300912,13
Andhra Pradesh,Nellore,22.438987234013346,72.16573405726828,4.991647371691196,13
Karnataka,Haveri *,22.431813032115336,34.7316545905707,15.526767511516995,10
Uttar Pradesh,Kanpur Nagar,22.428911301311167,64.79767395815715,9.247582466600242,13
Jammu And Kashmir,Badgam,22.41892613617456,63.61867696156626,7.522122840155723,12
Madhya Pradesh,Dhar,22.41451438297279,68.36718753117597,5.349655998555436,13
Uttar Pradesh,Hardoi,22.410351671384866,65.91304845828797,10.44830123385292,13
Andaman & Nicobar Islands,South Andaman,22.409960676337473,30.3954939074655,7.1109776128604425,7
Manipur,Ukhrul,22.40459981672204,67.93057143554584,7.341895757281724,12
Jammu And Kashmir,Bandipore,22.40386775785603,63.1976934500257,6.392744908614069,12
Karnataka,Haveri,22.39237089270355,67.64902970339091,9.585066115010708,13
Chhattisgarh,Kawardha,22.38517494458849,68.55382879360944,12.239116361585085,13
Karnataka,Mandya,22.37907857235488,69.72453270460592,10.690138908067407,13
Jharkhand,Bokaro,22.370830872206056,68.23698373485142,8.135245864300135,13
Arunachal Pradesh,Pakke Kessang,22.36609841858715,22.36609841858715,22.36609841858715,1
Uttar Pradesh,Bara Banki,22.355771466120846,66.69104299240378,5.6437367049517135,13
Uttar Pradesh,Saharanpur,22.34807241250168,64.92012777854883,9.484627237059188,13
Chhattisgarh,Surajpur,22.3392090953795,65.57992686022416,10.947663501933478,12
Karnataka,Vijayapura,22.33571340308904,68.64076374373207,7.115031988544825,13
Mizoram,Kolasib,22.32147550630527,67.3291473567459,8.430192870314567,11
Jharkhand,Gumla,22.30907049657198,69.26937655396402,10.836316130800396,13
Tamil Nadu,Tiruvallur,22.306006075806238,68.72576882653931,9.507135325946138,13
Punjab,Firozpur,22.26725667114677,65.40891040756401,12.7327785393707,12
Arunachal Pradesh,Upper Siang,22.264945304747506,54.03073296019768,3.138402443479708,8
West Bengal,Medinipur,22.243328902258348,29.01037504049709,15.476282764019608,2
Uttar Pradesh,Jhansi,22.24141671978866,66.7171710505462,4.861111425761576,13
Kerala,Kottayam,22.231567833272987,69.83425630282309,5.66039851721172,12
Chhattisgarh,Balrampur,22.21970162049092,62.833741616815566,12.806863449151344,13
Karnataka,Shivamogga,22.218956028578198,67.600863905355,9.867785610072934,13
Tripura,Gomati,22.21058783182409,66.95379373887033,9.855192866672065,11
Meghalaya,East Khasi Hills,22.209923412367843,66.82651236513851,13.07382484839068,13
Nagaland,Shamator,22.188976002861768,31.45949131317249,3.1997870005813347,9
Andhra Pradesh,East Godavari,22.18099484346916,72.06832546218124,5.945138970204487,13
Assam,Nagaon,22.173456146387025,63.7019654664626,11.491337313718011,13
Tamil Nadu,Salem,22.17311821427935,70.7001092170456,6.032542849962757,13
Jharkhand,Kodarma,22.169310395667992,66.1060828374985,8.812814940103737,12
Tamil Nadu,Vellore,22.16451277592918,67.17426680068729,4.90805777329911,12
Orissa,Ganjam,22.131106477453258,66.02747049374504,13.466893086931035,12
Assam,Marigaon,22.129215028363458,61.10553826989846,12.202710722817129,13
Tamil Nadu,Dharmapuri,22.121579122998558,70.50846325000505,6.399666734703735,13
Karnataka,Bengaluru,22.116479288862983,65.84835649519432,12.515184261261922,13
Daman And Diu,Diu,22.111690407964325,31.83105787060058,10.572831542568997,4
Assam,Karbi Anglong,22.10238163455273,63.84929252714527,12.56872974123606,13
Punjab,Sas Nagar (Mohali),22.10189942258159,65.5928233651567,13.725933627629168,13
Tamil Nadu,Erode,22.09477573818139,69.96016517443465,4.500674365176059,13
Uttar Pradesh,Basti,22.094138610886123,66.50632939782344,10.526112618790538,13
Assam,Lakhimpur,22.078978079586616,60.5629976979038,12.126852473067803,13
Assam,Dibrugarh,22.07804886363331,65.87629874307997,13.068926206515307,13
Arunachal Pradesh,Tirap,22.055855755626816,32.11514275610324,13.94217750330592,8
West Bengal,Purba Medinipur,22.04707948588723,66.21767193464879,10.521060579737048,13
Madhya Pradesh,Sheopur,22.03958261745224,68.4404804659573,6.124309349725812,13
Karnataka,Vijayanagara,22.031245601567054,68.87962964763828,4.244703013008111,13
Sikkim,North,22.020765621844667,44.90373849989485,11.838674205942077,5
Karnataka,Bangalore Rural,22.018699623692818,63.66966951228107,8.326831892651965,13
Maharashtra,Palghar,22.015793942986598,64.5336335591099,5.731738531112448,13
Assam,Hojai,22.00346684106591,64.4410252013362,13.208243105266972,13
Uttar Pradesh,Jaunpur,21.99672753908589,64.38240238560068,6.995761285381534,13
Bihar,Saharsa,21.98450007075678,67.28907845467471,8.745052802973822,13
Telangana,Hyderabad,21.975776541634755,64.1030098338404,8.48812657790987,13
Tamil Nadu,Madurai,21.973822448872003,69.62717172909375,10.164279689191511,13
Uttar Pradesh,Sitapur,21.932585416912517,67.86584399476959,5.736633348873736,13
Chhattisgarh,Gaurela-Pendra-Marwahi,21.90900964299341,62.40375000078666,8.635293447150822,12
Uttar Pradesh,Pratapgarh,21.90787004126977,66.01877904801059,9.405926658118425,13
Uttar Pradesh,Kasganj,21.90359706116846,66.93175371459361,4.948895894816904,13
Uttar Pradesh,Jalaun,21.89148369387912,67.47752886777275,4.960566118815723,13
Sikkim,West Sikkim,21.888739333362548,64.42602720523736,10.717921590079596,11
Uttar Pradesh,Mirzapur,21.86685210791081,66.37277464422858,5.487457329593224,13
Manipur,Tamenglong,21.864321223113354,62.874219442812894,11.427479038488276,12
Uttar Pradesh,Mathura,21.820255560496644,65.90763106180009,6.740291389819924,13
Kerala,Kollam,21.811023917245777,69.34883427688774,4.744351115664951,12
Karnataka,Koppal,21.81006964160849,66.07161355440128,6.729682498549734,13
Assam,Kamrup,21.790874710417338,64.18973710431726,12.89967204551634,13
Manipur,Imphal West,21.786595166873173,64.87689304825929,7.423605760266039,13
Orissa,Kendrapara,21.76875364754617,30.008298097988416,13.394355588027048,8
Tamil Nadu,Thanjavur,21.754890399908035,71.08999160478803,5.842951734121908,13
Punjab,S.A.S Nagar(Mohali),21.746861279869844,59.89844389643346,13.267034716908132,12
Tamil Nadu,Mayiladuthurai,21.745670028074755,57.77239840975722,11.297926004604363,11
Karnataka,Kodagu,21.73520998869333,68.10921395113994,10.93197429980831,12
Kerala,Ernakulam,21.731350919750067,68.55573443977957,6.479345013921919,12
Uttar Pradesh,Ghaziabad,21.692735206225144,63.35853167911896,10.829108814512452,13
Uttar Pradesh,Banda,21.69216872523432,67.76818359856301,4.489505948506698,13
Karnataka,Chitradurga,21.65145400548694,67.24540329452205,7.914234122316321,13
Arunachal Pradesh,Kamle,21.63179764995132,30.43265088840249,15.572061017140484,6
Manipur,Churachandpur,21.63028761170275,64.1614666567486,9.236506311196278,13
Assam,Kamrup Metro,21.62974750245386,65.62098576376377,13.524784518333089,13
Tamil Nadu,Pudukkottai,21.62723265449601,70.68120455359241,4.802725105705512,13
Madhya Pradesh,Narmadapuram,21.626895758823874,64.01991006555107,11.841671163452602,11
Uttar Pradesh,Varanasi,21.614411223864746,65.94991114329568,6.55890806469221,13
Gujarat,Rajkot,21.583059701147793,66.75690204068492,6.237570177842646,13
Daman & Diu,Diu,21.5826762365792,24.673022559313768,18.189663578727675,3
Uttar Pradesh,Lucknow,21.58074907719259,65.56412397879609,8.112785930080834,13
Andhra Pradesh,Srikakulam,21.57303048831858,70.83812782645145,5.823759426742755,13
Telangana,Warangal Urban,21.57132274637953,58.79918554636348,6.899566618603006,13
Sikkim,South Sikkim,21.56226993328319,66.27476152862961,7.867251866300197,11
Uttar Pradesh,Kushinagar,21.558574057617,65.02492126792916,9.58082429011565,13
Uttar Pradesh,Bahraich,21.55398408593294,66.74073885443566,6.600576615746743,13
Tripura,Khowai,21.542452422084846,71.88395869687352,7.262294673263468,13
Jharkhand,Hazaribagh,21.528366280730793,66.46512399861598,7.898548166899928,13
Uttar Pradesh,Kanpur Dehat,21.516729485217407,65.46288750244764,5.32509529618334,13
Madhya Pradesh,Morena,21.509065609453664,68.2782843240799,4.242179570737622,13
Uttar Pradesh,Allahabad,21.50230289201295,67.83286454866412,8.724283732854618,13
Karnataka,Dakshina Kannada,21.494621210151767,68.1465990418938,12.013470358783357,13
Uttar Pradesh,Gonda,21.48726552589388,66.61667961440588,9.666952508810985,13
Uttar Pradesh,Amroha,21.479147104435395,64.47834717426487,7.2652493066934545,13
Tamil Nadu,Thoothukkudi,21.463370553714224,72.82384188202526,4.616414134724948,13
Bihar,Purnia,21.452931579048872,68.97511523482923,9.602255824525567,13
Karnataka,Chikkaballapur,21.436347772745457,66.37531467141453,10.86197415883318,13
Uttar Pradesh,Ghazipur,21.43047276985255,65.55315552338803,6.548473480462282,13
Uttar Pradesh,Hathras,21.409002425225676,67.26851391163584,7.066269290992015,13
Uttar Pradesh,Fatehpur,21.395024129465426,66.29682453975603,7.61405340314411,13
Kerala,Thiruvananthapuram,21.38319462987613,68.42859171889273,4.281450300121727,12
Uttar Pradesh,Moradabad,21.37591283390394,62.7158827207372,9.093948997708685,13
Uttar Pradesh,Sultanpur,21.371516536442666,64.61499191480988,5.708536821023908,13
Uttar Pradesh,Gorakhpur,21.370135468000406,65.82424806831922,11.373945319835268,13
Orissa,Kendujhar,21.347812863642304,46.61730922489081,6.308433831965361,8
Andhra Pradesh,Cuddapah,21.3346870181497,71.60389385804433,4.6168695739544345,13
Gujarat,Panch Mahals,21.33248906880815,30.62559542832381,14.640876281859446,8
Uttar Pradesh,Ambedkar Nagar,21.325658133008655,64.27816069388359,6.059313409456868,13
Maharashtra,Mumbai( Sub Urban ),21.318920503187762,41.57055310440235,4.792880226459786,13
Uttar Pradesh,Gautam Buddha Nagar,21.299019703435743,60.85413804784486,8.583909207620664,13
Uttar Pradesh,Meerut,21.293543984680056,66.34774662974512,9.58050790221853,13
Tamil Nadu,Tiruvannamalai,21.282240759513247,71.11106091239901,5.294591309189743,13
Uttar Pradesh,Muzaffarnagar,21.26296043847748,65.36883255895827,7.008026397819481,13
Tamil Nadu,Viluppuram,21.232835356394485,70.72598948206449,4.997070507191009,13
Uttar Pradesh,Kheri,21.226509322103155,64.4966347099645,6.1252388828150535,13
Tripura,West Tripura,21.217939992432473,70.72272962497611,7.677090173012483,13
Madhya Pradesh,Mandla,21.2166396015721,67.07233402489854,4.491689309624439,13
Tamil Nadu,Coimbatore,21.21170741643361,70.53351114981582,4.7161401238154905,13
Karnataka,Hassan,21.199039127611005,68.48860775153827,9.079536996183943,13
Jharkhand,Latehar,21.169032503449657,68.82842064464626,11.41438472849342,13
Uttarakhand,Haridwar,21.15697263200837,64.92725558898532,10.331815406802786,13
Andhra Pradesh,Guntur,21.14454676952306,71.10218602763901,5.051494072979661,13
Jammu & Kashmir,Jammu,21.123153558366873,28.874018505732117,4.209344700033259,5
Uttar Pradesh,Mainpuri,21.111461349817283,63.645656856281576,6.269301394073364,13
Himachal Pradesh,Kinnaur,21.08722735179882,32.85419226679125,14.423010822096735,10
Jharkhand,Pakaur,21.074506606232315,64.46642933259331,8.834822751677818,12
Uttar Pradesh,Chitrakoot,21.063248712546347,68.19193231755074,5.35773824099526,13
Uttar Pradesh,Baghpat,21.056115749154007,65.73433812721106,5.159765769392654,13
Tamil Nadu,Chennai,21.044397733423065,67.77969158351509,8.312378222898326,13
Uttar Pradesh,Unnao,21.043110139541525,64.95613490903133,8.813946440514005,13
Orissa,Nabarangapur,21.03235466294715,21.03235466294715,21.03235466294715,1
Jammu & Kashmir,Leh (Ladakh),21.03235466294715,21.03235466294715,21.03235466294715,1
Jammu & Kashmir,Udhampur,21.029884099898847,21.029884099898847,21.029884099898847,1
Uttar Pradesh,Pilibhit,21.00801158729831,64.33348094794722,8.57398428180232,13
Tamil Nadu,Cuddalore,20.997321487804776,68.94852810704185,5.776813285154243,13
Haryana,Gurgaon,20.987246557597647,61.13911339133568,10.77462796921832,13
Uttar Pradesh,Kannauj,20.968301656792473,64.74095160338383,5.741771454353151,13
Telangana,Peddapalli,20.964043884373975,55.67696699317747,6.886403962843703,11
Uttar Pradesh,Sant Kabir Nagar,20.940801074522167,65.74472854348116,7.737670981278309,13
Uttar Pradesh,Maharajganj,20.919454022991697,62.727786968786894,7.312732916136065,13
Tamil Nadu,Theni,20.90511488637588,71.2613171699172,4.750957471599509,13
Uttar Pradesh,Mau,20.89363024817925,64.41204622618446,7.685535053765546,13
Andhra Pradesh,Khammam,20.889648869010728,66.5038317472605,4.496388775809199,13
Uttar Pradesh,Deoria,20.86090202577532,66.88517381845654,9.516736907257824,13
Meghalaya,West Khasi Hills,20.860463501238836,59.84027715489837,9.712747997700124,12
Jammu And Kashmir,Anantnag,20.860193635598332,60.66701084021894,5.497504873205622,11
Assam,Chirang,20.854559344103322,70.11985001352751,6.439097238512244,13
Kerala,Malappuram,20.825203871405616,67.0038437572794,4.779420390135085,12
Jharkhand,Hazaribag,20.82473958927886,58.99543401273551,8.4360727390058,11
Uttar Pradesh,Ballia,20.80618100625749,65.7771227089559,7.500500228894677,13
Assam,Hailakandi,20.799989225106927,61.96253038677027,4.4298012033139145,13
Uttar Pradesh,Shahjahanpur,20.783116634123253,65.67129029687734,5.017575955865427,13
Assam,Udalguri,20.744989893181614,64.69155539925063,7.948467098832119,13
Andhra Pradesh,Chittoor,20.741899689047123,70.22991835831759,5.040389961903772,13
Tamil Nadu,Kancheepuram,20.72599986383705,68.12728398353123,6.7719863380426055,13
Andhra Pradesh,Prakasam,20.701108756081894,70.74308676673999,4.641110282363556,13
Uttar Pradesh,Bulandshahr,20.684105076986235,64.98943912279603,6.15269536954837,13
Uttar Pradesh,Agra,20.670559060532362,67.53201015899722,8.139798710153308,13
Uttar Pradesh,Shrawasti,20.65973752921797,64.0718241480738,5.4348828229595085,13
West Bangal,Howrah,20.655107041626124,34.333145534130615,1.9115949754353907,3
Sikkim,East,20.652894729617977,61.310063339407805,10.36488004061442,11
Bihar,Darbhanga,20.651821928885678,68.55547622025372,8.847092151583077,13
Bihar,Monghyr,20.64819686111441,30.988274382439634,9.665399834083209,6
West Bengal,Howrah,20.607916401489742,65.5938580910149,9.177400419343233,13
Chhattisgarh,Jashpur,20.559600646843666,63.85465246567818,8.573529089207263,12
Karnataka,Uttara Kannada,20.49922946813145,67.73776757867077,6.094967046677396,13
Manipur,Chandel,20.478520127082252,65.57873679707276,8.9590903681614,12
Tamil Nadu,Thiruvarur,20.470707139269663,69.34431789157203,5.30610470633057,13
West Bengal,Hawrah,20.46818174306132,29.89569688934789,11.040666596774749,2
Himachal Pradesh,Kullu,20.433853250634783,63.53820662141276,9.83489573879486,10
Jammu And Kashmir,Kargil,20.432196590568953,58.62840025183811,6.481910066368279,12
Assam,Jorhat,20.429754128780697,60.72573983080984,8.617703573592578,13
Uttar Pradesh,Rampur,20.420829410229096,63.67116336172956,5.417019703352972,13
Bihar,Sheikpura,20.418573309978015,30.41470673436745,9.28451311823984,6
Rajasthan,Deeg,20.416820232862573,28.80128501711962,12.032355448605523,2
Uttar Pradesh,Bijnor,20.401461519802105,65.3548839375072,9.739335154192528,13
Karnataka,Udupi,20.401052991325017,67.40590905559696,5.655374607102784,13
Uttar Pradesh,Hamirpur,20.379148682064056,67.2007229548201,4.783636166921169,13
Gujarat,Surat,20.370966892024594,63.024696653679584,9.009930074134308,13
Andhra Pradesh,Parvathipuram Manyam,20.355742161626093,68.7465673392515,4.276448233630333,13
Manipur,Kakching,20.347157726808806,56.715678133123696,7.55970021229461,9
Sikkim,West,20.34441008962946,69.1190587808248,6.919401595887639,12
Uttar Pradesh,Amethi,20.329960836625332,66.21100912573618,9.448060893098267,13
Telangana,Khammam,20.3276414619625,64.30436957862165,5.825539372765507,13
Jharkhand,Ramgarh,20.324818054714438,69.02305769948765,10.2946549274961,13
Manipur,Senapati,20.30366488793928,63.58018352743773,8.270635592334495,12
Assam,Kokrajhar,20.292393451734046,68.2179058468605,8.494363420337972,13
Bihar,Vaishali,20.28844892036324,68.12957947092124,7.092858789943822,13
Assam,Biswanath,20.27614800918167,63.31878682734518,9.950133937926129,13
Sikkim,South,20.267959748456338,67.97874491282916,6.092838710710232,12
Uttar Pradesh,Farrukhabad,20.26140280634407,65.46575363762669,6.237293246036835,13
Tripura,Dhalai  *,20.251187860086823,57.72160241875759,7.416678207173463,8
Maharashtra,Mumbai Suburban,20.242899816489114,62.38755205889613,9.682693328305728,13
Meghalaya,South West Khasi Hills,20.216135964427966,61.53692616400369,6.055039911497027,12
Chhattisgarh,Baloda Bazar,20.21415292768432,65.3208377259123,10.276318704213496,13
Haryana,Yamunanagar,20.201852875112724,30.48698510183577,10.16265418585956,6
Assam,Sibsagar,20.191159140061806,61.8727323676524,12.092006702335995,13
Tamil Nadu,Nagapattinam,20.16561761506429,70.40840440638623,5.451889990325539,13
Uttar Pradesh,Etah,20.136095182377005,68.02397789542901,4.84694585432082,13
Assam,Darrang,20.06826346697741,64.59672376962591,5.487165141730943,13
Uttar Pradesh,Sambhal,20.054783432951204,63.93301543766536,5.465323550975557,13
Uttarakhand,Garhwal,20.041131547792236,30.467954095313505,11.166931831888457,8
Bihar,Sheohar,20.016501331129675,67.945156197428,5.118090333379465,13
Assam,Golaghat,20.01247190990907,58.371710307826376,8.406231446076916,13
Uttar Pradesh,Azamgarh,19.99968211623477,64.73125362404467,6.338201922484024,13
West Bengal,Barddhaman,19.984057174758444,65.81758182374399,8.60829336717192,13
Andhra Pradesh,Anantapur,19.98077228566394,68.53428839133316,5.234006456989462,13
Maharashtra,Raigarh(Mh),19.973790092709518,30.17421522078456,10.397194737907077,6
Chhattisgarh,Surguja,19.955533009381433,61.17002009356199,8.96726802355981,13
Jharkhand,Dumka,19.952150393256545,68.02008518823705,7.285979855692738,13
Uttar Pradesh,Siddharthnagar,19.926379492353195,66.04183472116894,7.7568421719787395,13
Orissa,Anugul,19.92254001958689,30.18937670753513,10.573712254268152,8
Maharashtra,Gondia,19.8927453893895,26.20238944714068,10.10795606489533,5
Uttar Pradesh,Rae Bareli,19.881247731282432,64.76857557102403,6.9698399068524814,13
Jharkhand,Giridih,19.88020211761563,63.88870367330863,8.720026051400263,13
Manipur,Thoubal,19.869978823464578,67.30360638177153,8.557532819735044,13
Uttar Pradesh,Chandauli,19.86122765484146,65.73776276869499,5.318477479704666,13
Bihar,Arwal,19.837790795862215,65.9121319796506,11.815797590759884,13
Orissa,Mayurbhanj,19.828351077810623,33.40737533350969,2.978909787346854,7
Telangana,Rajanna Sircilla,19.826580248633764,61.08767852568998,8.624912432749666,12
Jharkhand,Godda,19.812247978470786,70.2706641635453,6.125660802103266,13
Haryana,Charkhi Dadri,19.777505416476593,64.78960051913432,4.005285814684072,13
Rajasthan,Jhunjhunu,19.76193581032544,51.97770417023566,2.8726102355102308,13
Assam,Goalpara,19.736449511414705,58.49974453817923,9.138094719623794,13
Bihar,Madhepura,19.723254260167604,68.08061883321115,7.296463775069628,13
Bihar,Sitamarhi,19.70952464651164,66.7976238947748,7.799102723573138,13
Pondicherry,Yanam,19.705384274424066,31.00115661669462,9.849668009291973,3
Uttar Pradesh,Aligarh,19.67670480170824,64.45265195063799,6.739692831701294,13
Bihar,Bhagalpur,19.644520689009035,66.01833552238351,9.56913255988156,13
Assam,Baksa,19.641290774259424,64.8788098951635,6.211218829299727,13
West Bengal,Birbhum,19.611126405828706,61.14876212820912,8.324294452363405,13
Orissa,Gajapati,19.581326027884053,22.87707697224315,16.285575083524957,2
Jharkhand,Pakur,19.576145265764417,65.93327048442,8.117062734120983,13
Bihar,Katihar,19.575006529818175,66.1870643842757,6.693844841921462,13
West Bengal,East Midnapore,19.525042277967326,65.24205175332143,9.735271632211523,13
Uttar Pradesh,Bhadohi,19.480625639759886,59.8831803382564,4.085806353012082,13
Jharkhand,Palamu,19.480356006250332,67.96812637962357,5.919225241361343,13
Assam,Karimganj,19.46849134517815,58.32506630713849,10.543014522244317,13
Bihar,Kaimur (Bhabua),19.465241385964188,67.04866406001317,6.09828576735715,13
Uttar Pradesh,Bareilly,19.427581410552033,65.71998180200158,5.037396075108972,13
West Bengal,Hooghly,19.372065130910002,64.94917743358249,8.087688584062837,13
Jammu And Kashmir,Pulwama,19.363684710527604,64.36330283432761,4.031523515709827,13
Tripura,Sepahijala,19.33677194601399,65.90839555404042,4.160943615039189,12
Jharkhand,Deoghar,19.328598101816397,68.21178363843052,6.639976569848817,13
Orissa,Sambalpur,19.28027188411354,21.674177680848672,16.886366087378406,2
Uttar Pradesh,Jyotiba Phule Nagar,19.267804296271024,30.73376199195796,11.615221842383844,9
Uttar Pradesh,Balrampur,19.26494623948722,65.95069340087916,9.087405084706935,13
Tamil Nadu,Tirupattur,19.256845274823124,62.38183630446647,8.74629308783979,11
Uttarakhand,Hardwar,19.250292360778232,26.587221771730984,7.561241672824233,8
Bihar,Jamui,19.24099880751203,66.72523825424335,9.321622612284932,13
West Bengal,Jhargram,19.22715612610706,58.09640649092303,8.244424855410383,13
Bihar,Madhubani,19.195876111118622,69.0010190357521,8.502533965742638,13
Bihar,Begusarai,19.181306069042854,66.51023336682871,5.966226564605926,13
Karnataka,Hasan,19.132501991852664,62.857991302207054,4.537217690583315,12
Bihar,Siwan,19.060255445595708,66.01168106843099,8.279648220972547,13
Meghalaya,West Jaintia Hills,19.04615879019897,60.01182500628956,4.886284571900805,12
Maharashtra,Mumbai City,19.03028024589336,64.65180826571375,5.672370136690392,13
Ladakh,Kargil,19.00069748642433,62.801653534935575,5.939726744647732,12
Assam,Sonitpur,18.968322465000046,60.38814471463032,11.141127662336755,13
Tamil Nadu,Tenkasi,18.95915550972237,58.93123009592253,4.276487013759274,13
Assam,Dhubri,18.940111175885765,61.96150779628539,8.823578664755603,13
Bihar,Supaul,18.90097390654818,67.89768890799391,5.27479651326696,13
West Bengal,Kolkata,18.884035032849336,64.05125685671715,6.232081056212084,13
Uttar Pradesh,Firozabad,18.87674161314754,61.07686933403572,5.429123802880982,13
Bihar,Gopalganj,18.872710897786085,66.35772887828901,9.481284834939755,13
Himachal Pradesh,Chamba,18.85454991286125,73.90863808739121,4.819120160069802,12
Madhya Pradesh,Maihar,18.79542566720379,45.03060724104808,7.428260760590192,11
Uttar Pradesh,Auraiya,18.786338495107564,66.82461916449716,4.935003863424129,13
Uttar Pradesh,Budaun,18.77544437656406,60.60175134264029,6.016417631200294,13
Bihar,Aurangabad,18.751381463283522,65.5770920412178,5.631459291488829,13
Orissa,Sonapur,18.74039521295404,37.14139081457105,3.142548136128484,6
West Bengal,Bankura,18.726548583957722,63.572809002880845,6.66616953761512,13
Bihar,Muzaffarpur,18.701142368762955,66.68704673608688,9.091069581412464,13
Bihar,Nawada,18.683618474353928,66.4176529037677,8.616088952311275,13
Bihar,Samastipur,18.675153610532035,67.37853245281686,7.503347769079042,13
Telangana,Sangareddy,18.6275458705058,56.40566463331805,4.4627485298606695,13
West Bengal,North 24 Parganas,18.606244587999544,63.112773307247984,7.857545894843099,13
Bihar,Munger,18.590223227844508,65.61243219118096,5.787805204062293,13
Madhya Pradesh,Pandhurna,18.566978126881327,39.24984326702871,7.337936337199528,6
West Bengal,Murshidabad,18.46878379596504,60.41945101086832,8.701606450169413,13
Bihar,Khagaria,18.406766514458,66.3138395732801,4.651240589057748,13
Telangana,Kamareddy,18.37548676105428,56.8724066937515,5.575857878246199,12
Bihar,Araria,18.365883373355953,65.93499984118507,5.946857914441076,13
Meghalaya,East Jaintia Hills,18.341821027552644,54.19404520169914,8.297686556784212,11
Jharkhand,Sahibganj,18.329483730224034,61.29770764357481,6.651693581398417,11
Telangana,Nagarkurnool,18.318658855407573,57.14001354588607,6.16024059548787,12
West Bengal,Darjeeling,18.225751715068842,62.91775983885262,9.97414438326373,13
West Bengal,Paschim Medinipur,18.192427562362575,60.66312794622034,7.605901203525908,13
Bihar,Samstipur,18.175922310544745,31.5333467830369,3.4540630382275923,7
Bihar,Kishanganj,18.153314336397365,63.07410973711984,4.376014767832448,13
Bihar,Saran,18.09693257607503,65.48001536095093,7.279879834950628,13
Chhattisgarh,Janjgir Champa,18.068144180186575,23.575122657307016,11.426315919184008,5
West Bengal,Haora,18.06263984724964,64.10760722379413,9.674838358231897,13
Uttar Pradesh,Prayagraj,18.056677566119358,64.46747273687632,6.516023844575936,13
Orissa,Jharsuguda,18.040226759110656,29.67002190821141,2.483996197996048,5
Bihar,East Champaran,18.014882421699703,64.3513860270952,5.845689639836444,13
Bihar,Patna,17.97526914658422,65.54187376408662,7.860707935223972,13
West Bengal,Bardhaman,17.91871675330992,58.51620690048309,6.821956497794079,13
West Bengal,Nadia,17.910859750790095,62.17033568435307,10.291886327687,13
Maharashtra,Gondiya *,17.798498283862877,25.89288772714688,12.22489554305967,7
Meghalaya,East Garo Hills,17.795190020024304,55.80250066454497,7.710298901498613,11
Bihar,Lakhisarai,17.772476052936867,66.24070188381458,5.941843413763207,13
West Bengal,Alipurduar,17.7492727460067,63.92448118414292,8.046841251824935,13
Assam,Tinsukia,17.74669102755072,60.34820242040963,5.447701957377442,13
West Bengal,North Twenty Four Parganas,17.74574605432939,61.05515065536797,6.428912345903299,13
Chhattisgarh,Janjgir - Champa,17.743844902666,30.59018079226276,4.496984911599147,6
Goa,Bardez,17.71117161010478,17.71117161010478,17.71117161010478,1
Bihar,Gaya,17.7021575183134,65.79814410729921,7.913598182061386,13
West Bengal,Paschim Bardhaman,17.686645344200347,61.49461671503776,8.601725103699703,13
Telangana,Rangareddy,17.67647912923002,60.83574133697517,5.204993779570582,13
Telangana,Bhadradri Kothagudem,17.67560603537221,57.398060074711154,4.090484125805952,13
West Bengal,Malda,17.562694081767226,56.71933413153528,7.883848215291481,13
Telangana,Hanumakonda,17.548951717808237,57.48946836761879,5.906231652271021,13
Bihar,Rohtas,17.501526907260278,65.68804144681671,6.678513265992842,13
West Bengal,South Twenty Four Parganas,17.479506544264858,63.64113178954665,8.574615729196191,13
West Bengal,Purba Bardhaman,17.47681226538175,60.13357939474432,6.096606906193443,13
Jharkhand,Sahebganj,17.451516937646442,64.26680448299342,7.04349492239253,13
Meghalaya,South West Garo Hills,17.434307527365583,56.59661447780385,7.670898510013729,11
Ladakh,Leh,17.30908481661065,36.18777742244509,5.862343973964547,9
Telangana,Jangoan,17.29959901905875,49.220914231837895,9.091764809912975,12
Uttar Pradesh,Barabanki,17.27969257701743,61.69229382182655,3.767621205693262,13
Meghalaya,South Garo Hills,17.22460451096387,50.34782008937365,5.736503233666285,11
Bihar,Jehanabad,17.190439704390155,64.72705669968268,7.335533510393964,13
West Bengal,Kalimpong,17.181112014623427,47.38792643718334,8.478003647049103,12
West Bengal,Maldah,17.161954515499,58.912452790929976,6.224234998617714,13
West Bengal,Puruliya,17.160797181947615,59.59601320455808,5.791544824710986,13
West Bengal,West Midnapore,17.114874791033216,58.76437222253894,5.021081632635208,13
Telangana,Jagitial,17.075450527948416,59.47889101701191,7.424435409605979,12
Telangana,Siddipet,17.05168819800923,49.05281173025956,5.358561399368144,12
Andhra Pradesh,Nandyal,17.030628247682056,57.10113482267807,8.392889071725973,12
West Bengal,South 24 Parganas,17.02142434513141,59.87519466287642,6.320063084595808,13
Telangana,Jogulamba Gadwal,17.011172025740528,54.02254287460369,6.843264162223633,12
Telangana,Nirmal,16.977558071666067,49.80523403861744,9.5303136673625,11
Bihar,Banka,16.958560246048503,65.24893197958609,5.526649087709977,13
Bihar,Buxar,16.950862630688956,64.97884736638798,5.627038426401668,13
Telangana,Suryapet,16.84814230314071,60.04552498372401,4.984086123968262,13
Meghalaya,Ri Bhoi,16.819999173670055,53.47214327023295,8.592355435769313,12
Chhattisgarh,Mohla-Manpur-Ambagarh Chouki,16.776544692850038,58.23735100106463,5.458311149399167,11
Telangana,Warangal Rural,16.76895080112311,52.09068594041685,7.514862541786152,12
Andhra Pradesh,Anakapalli,16.73717400803072,59.45145812918302,7.236173135735076,12
Andhra Pradesh,Eluru,16.668500214055662,59.40527988580536,7.950726653364817,12
Uttar Pradesh,Ayodhya,16.610173714611765,59.29092554860211,5.723136534126342,13
Himachal Pradesh,Lahaul And Spiti,16.59999298741015,16.59999298741015,16.59999298741015,1
Chandigarh,Rupnagar,16.596287142837696,16.596287142837696,16.596287142837696,1
West Bengal,Purulia,16.58981262060511,57.14887158378557,5.462952876560702,13
West Bengal,Dakshin Dinajpur,16.550244500637252,60.133488845249225,6.444415131635169,13
Arunachal Pradesh,Dibang Valley,16.436753686631317,19.91236928846021,12.961138084802425,2
Chhattisgarh,Sakti,16.32890892449596,59.631705338546965,7.616034444369945,11
Delhi,Shahdara,16.273080221482026,56.90009635807251,7.661581414788018,13
Andhra Pradesh,Palnadu,16.193611644983047,57.59338552739595,5.661979580165651,12
Bihar,Pashchim Champaran,16.09917112107382,34.51642470648264,7.680920374365287,9
Bihar,West Champaran,16.0520772691703,63.87251229810128,5.041960348978035,13
Maharashtra,Dharashiv,16.003531757599724,42.81224505044754,7.918885821231264,9
Telangana,Mahabubabad,15.984293996580416,54.532582835937205,4.929003465979616,13
West Bengal,Uttar Dinajpur,15.954951815763215,53.362199580925214,8.038960666475752,13
Mizoram,Khawzawl,15.91573565944385,36.55151719211298,2.7734912647423604,5
Telangana,Mancherial,15.883995375930505,54.914764728751415,5.095708064706891,12
Karnataka,Chamarajanagar *,15.873092097060615,28.298883871635805,2.1777237619677736,3
Maharashtra,Washim *,15.845014110814976,23.222760759779568,10.535967215044614,5
Andhra Pradesh,N. T. R,15.831897683216786,59.1998863339619,5.706278416200357,13
Meghalaya,North Garo Hills,15.802945137829134,55.4499550043094,5.237546777791924,11
Madhya Pradesh,Mauganj,15.759754506562055,39.6569147705943,4.785116139052477,13
Maharashtra,Raigad,15.741289102846395,53.94701229078176,5.068565589533972,13
Bihar,Nalanda,15.727604170063943,64.37534451177143,7.712092247532762,13
Andhra Pradesh,Dr. B. R. Ambedkar Konaseema,15.669141343921025,58.36452187591279,4.368225720712802,13
West Bengal,Cooch Behar,15.655292923768233,57.32809576071083,7.809669777611214,13
Telangana,Mulugu,15.639777756126243,55.18317351766364,5.39488990390033,13
West Bengal,Darjiling,15.592153605496211,55.96052166602794,8.338601644599304,13
Telangana,Medchal-Malkajgiri,15.572676604335083,55.8607508079676,4.464390850909254,13
Maharashtra,Chhatrapati Sambhajinagar,15.543017641093732,57.03582086552656,4.565166151255959,13
Arunachal Pradesh,Lower Siang,15.54176673504443,28.1644533019528,2.151937103400924,7
Himachal Pradesh,Lahul And Spiti,15.516381663514805,31.317267507907605,2.330798081028486,4
Assam,South Salmara Mankachar,15.436913617211344,49.10202280027172,7.969834584304777,12
Dadra And Nagar Haveli And Daman And Diu,Daman,15.349914229781064,29.884648518743727,6.693750645923095,6
Andhra Pradesh,Sri Sathya Sai,15.169092860124229,60.603465735385946,4.175786059661204,13
Andhra Pradesh,Annamayya,15.150549815699092,54.8494374418567,6.311750764544198,12
Telangana,Wanaparthy,15.053369924641425,56.17152804797087,5.711015063593666,12
Andhra Pradesh,Sri Potti Sriramulu Nellore,15.013709933092237,58.4408725688184,4.565083193330958,13
Andhra Pradesh,Y. S. R,14.982600093535236,57.31271663745448,4.015520067028634,13
Andhra Pradesh,Tirupati,14.945627048723319,54.95115124008846,5.189556376568477,13
Tamil Nadu,Kallakurichi,14.93346179080691,57.80987314676364,4.880520109925048,13
Nagaland,Chumukedima,14.931456725540883,52.9329191990814,4.038945289462419,10
Telangana,Komaram Bheem,14.87416445417776,53.89063665718147,4.224935729091402,13
Telangana,Narayanpet,14.87082096423872,54.40413780409786,4.012284860645728,13
Uttar Pradesh,Bulandshahar,14.869986010064169,32.271585672906575,3.626848133163878,12
West Bengal,South Dinajpur,14.854000650390201,53.10146081487162,5.4940646676076375,13
Bihar,Bhojpur,14.852416521377718,62.89443518246363,4.850425561256403,13
Delhi,South East Delhi,14.762520841185404,30.383480398694545,3.44682001090823,8
Andhra Pradesh,Mahabubnagar,14.757814003134719,30.464182453236106,2.8067922171583586,3
Andhra Pradesh,Kakinada,14.7332708246031,59.58252868656186,4.935067126861007,13
Andhra Pradesh,Bapatla,14.609790453395963,59.698713639883856,4.2009798057357335,13
West Bengal,Hugli,14.594993353193892,31.324446426079152,3.9834257259108736,13
Telangana,Yadadri.,14.577260764221172,51.65898387939541,5.636924866609531,12
Telangana,Jayashankar Bhupalpally,14.524654925425748,49.14212366544056,5.000244860308068,12
West Bengal,Jalpaiguri,14.474839887599034,58.35332159211606,7.066553327030971,13
Chhattisgarh,Khairagarh Chhuikhadan Gandai,14.417161140331354,46.25258984066932,6.115137310206616,11
Arunachal Pradesh,Shi-Yomi,14.4149522863472,21.341360592581346,2.7491858487232284,4
Orissa,Baleswar,14.380106305069194,14.380106305069194,14.380106305069194,1
Chhattisgarh,Manendragarhâ€“Chirmiriâ€“Bharatpur,14.050474454308079,25.88754228808303,5.355605784891074,11
Nagaland,Niuland,13.888960145378784,29.93544123143132,2.7095909176599577,6
West Bengal,North Dinajpur,13.833507951161371,42.05798523922282,5.470830036428456,12
Telangana,Jangaon,13.719977738114727,29.948344855587408,7.316341177347931,8
Tamil Nadu,Chengalpattu,13.48235350988969,51.34347961860343,3.653159626157408,13
Telangana,Vikarabad,13.470376957687193,49.11219110196545,3.857648638245121,13
Nagaland,Tseminyu,13.254848669107908,24.34485449214963,2.1648428460661875,2
Bihar,Purba Champaran,13.150996604440252,27.513375778591985,3.3409609157160878,11
Mizoram,Hnahthial,13.057068322638514,13.057068322638514,13.057068322638514,1
Tamil Nadu,Ranipet,12.810910633931712,35.34295873979831,2.8008987945238646,7
West Bengal,Koch Bihar,12.805382339503362,47.82973381149911,6.051842121779559,13
Mizoram,Mammit,12.718475343173843,31.130090461004063,3.272697025466609,6
Chhattisgarh,Sarangarh-Bilaigarh,12.230597050460954,21.94881225614487,7.838554520955812,8
Bihar,Aurangabad(Bh),12.229278415429755,26.02279860713953,3.361887474997621,9
Bihar,Bhabua,11.849369086954313,31.246137816587893,3.021554884166694,8
Uttar Pradesh,Kushinagar *,11.82463744815728,11.82463744815728,11.82463744815728,1
West Bangal,Hooghly,11.528525082359415,11.528525082359415,11.528525082359415,1
Meghalaya,Jaintia Hills,11.52708392058124,11.52708392058124,11.52708392058124,1
West  Bengal,Hooghly,11.087550001408529,31.186295324661533,3.749725060388154,10
Telangana,Warangal (Urban),10.917139169439915,18.237222417186427,1.5787707443038792,3
West Bengal,South 24 Pargana,10.690589180535532,10.690589180535532,10.690589180535532,1
Uttar Pradesh,Mahrajganj,10.680706928342316,10.680706928342316,10.680706928342316,1
Orissa,Kalahandi,10.664508413828756,33.24907994662572,3.1363179028964354,4
Westbengal,Hooghly,10.160039533910371,15.388675169590693,2.068845647203448,3
Dadra And Nagar Haveli And Daman And Diu,Diu,9.749462953621158,19.84055793784215,3.840711448626687,5
Assam,Sribhumi,9.05176279474549,25.134951818901317,4.992943915827361,11
Jammu & Kashmir,Anantnag,8.844777432864493,13.283461359171367,4.4060935065576174,2
Assam,Bajali,8.752556247743579,19.81543625802317,4.127534062887376,6
Meghalaya,Eastern West Khasi Hills,8.684784347577208,22.10958079074929,0.0,12
Assam,Tamulpur District,8.099951042279091,20.914209379638947,3.5170364685330413,7
Sikkim,Mangan,7.737740199384451,7.737740199384451,7.737740199384451,1
Jammu & Kashmir,Kathua,7.733416714049918,7.733416714049918,7.733416714049918,1
Manipur,Pherzawl,7.731872612144729,7.731872612144729,7.731872612144729,1
West Bengal,Hooghiy,7.730328510239539,7.730328510239539,7.730328510239539,1
West Bengal,West Medinipur,7.725387384142929,7.725387384142929,7.725387384142929,1
West Bengal,East Midnapur,7.724152102618777,7.724152102618777,7.724152102618777,1
Jammu & Kashmir,Kupwara,7.723163877399456,7.723163877399456,7.723163877399456,1
Rajasthan,Jalore,7.722924384042731,7.722924384042731,7.722924384042731,1
Tamil Nadu,Tirupathur,7.176072351548629,15.666229149434644,2.3788787481163536,3
Assam,Dima Hasao,6.923133283073592,16.646273216810357,2.8271956347836493,5
Karnataka,Bengaluru South,6.862174431757488,13.8060540652509,2.926369415575145,3
Sikkim,Namchi,6.820210967738215,20.74986141827957,3.247201027226498,6
Karnataka,Bengaluru Rural,6.603526772373062,11.042210698679936,2.1648428460661875,2
Tamil Nadu,Kanchipuram,6.602309137727826,11.039775429389463,2.1648428460661875,2
West Bengal,Medinipur West,5.481666160603195,5.481666160603195,5.481666160603195,1
Orissa,Sundergarh,5.481666160603195,5.481666160603195,5.481666160603195,1
The Dadra And Nagar Haveli And Daman And Diu,Dadra And Nagar Haveli,5.481666160603195,5.481666160603195,5.481666160603195,1
Telangana,Medchal?Malkajgiri,5.481666160603195,5.481666160603195,5.481666160603195,1
Telangana,Ranga Reddy,5.481666160603195,5.481666160603195,5.481666160603195,1
Chhattisgarh,Gaurella Pendra Marwahi,5.481666160603195,5.481666160603195,5.481666160603195,1
Chhattisgarh,Mohalla-Manpur-Ambagarh Chowki,5.481666160603195,5.481666160603195,5.481666160603195,1
Tamil Nadu,Tiruvarur,5.481666160603195,5.481666160603195,5.481666160603195,1
Telangana,Medchal Malkajgiri,5.481666160603195,5.481666160603195,5.481666160603195,1
Punjab,S.A.S Nagar,5.481666160603195,5.481666160603195,5.481666160603195,1
Tamil Nadu,Tuticorin,5.481666160603195,5.481666160603195,5.481666160603195,1
Tamil Nadu,Namakkal   *,5.481666160603195,5.481666160603195,5.481666160603195,1
Assam,Sivasagar,5.481666160603195,5.481666160603195,5.481666160603195,1
West Bengal,24 Paraganas North,5.481666160603195,5.481666160603195,5.481666160603195,1
West Bengal,24 Paraganas South,5.481666160603195,5.481666160603195,5.481666160603195,1
Delhi,North East   *,5.481666160603195,5.481666160603195,5.481666160603195,1
Haryana,Nuh,5.481666160603195,5.481666160603195,5.481666160603195,1
Uttar Pradesh,Shravasti,5.481666160603195,5.481666160603195,5.481666160603195,1
Uttar Pradesh,Kushi Nagar,5.481666160603195,5.481666160603195,5.481666160603195,1
Andhra Pradesh,Visakhapatanam,5.481666160603195,5.481666160603195,5.481666160603195,1
Jammu & Kashmir,Kargil,5.481666160603195,5.481666160603195,5.481666160603195,2
Jammu & Kashmir,Bandipur,5.481666160603195,5.481666160603195,5.481666160603195,1
Jharkhand,East Singhbum,5.481666160603195,5.481666160603195,5.481666160603195,1
Jammu And Kashmir,Shopian,5.481666160603195,5.481666160603195,5.481666160603195,1
Andhra Pradesh,Spsr Nellore,5.481666160603195,5.481666160603195,5.481666160603195,2
Orissa,Debagarh,5.481666160603195,5.481666160603195,5.481666160603195,2
Jammu & Kashmir,Srinagar,5.481666160603195,5.481666160603195,5.481666160603195,1
Jammu & Kashmir,Pulwama,5.481666160603195,5.481666160603195,5.481666160603195,1
Arunachal Pradesh,Leparada,5.481666160603195,5.481666160603195,5.481666160603195,1
Odisha,Nabarangpur,5.481666160603195,5.481666160603195,5.481666160603195,1
Haryana,Gurugram,5.481666160603195,5.481666160603195,5.481666160603195,2
Haryana,Jhajjar *,5.481666160603195,5.481666160603195,5.481666160603195,1
Jharkhand,Bokaro *,5.481666160603195,5.481666160603195,5.481666160603195,1
West Bengal,Coochbehar,5.481666160603195,5.481666160603195,5.481666160603195,2
Orissa,Nuapada,5.481666160603195,5.481666160603195,5.481666160603195,1
Gujarat,Dang,5.481666160603195,5.481666160603195,5.481666160603195,1
Uttar Pradesh,Siddharth Nagar,5.481666160603195,5.481666160603195,5.481666160603195,1
Meghalaya,Kamrup,5.481666160603195,5.481666160603195,5.481666160603195,1
Karnataka,Ramanagara,5.481666160603195,5.481666160603195,5.481666160603195,1
Madhya Pradesh,Ashoknagar,5.481666160603195,5.481666160603195,5.481666160603195,1
Uttar Pradesh,Raebareli,5.481666160603195,5.481666160603195,5.481666160603195,1
West Bengal,Dinajpur Uttar,5.481666160603195,5.481666160603195,5.481666160603195,2
Maharashtra,Hingoli *,5.481666160603195,5.481666160603195,5.481666160603195,1
Maharashtra,Ahmednagar,5.481666160603195,5.481666160603195,5.481666160603195,1
West Bengal,Burdwan,5.481666160603195,5.481666160603195,5.481666160603195,1
Andaman & Nicobar Islands,Nicobars,5.481666160603195,5.481666160603195,5.481666160603195,1
West Bengal,Dinajpur Dakshin,5.481666160603195,5.481666160603195,5.481666160603195,1
Bihar,Purbi Champaran,5.4816661606031944,5.481666160603195,5.481666160603195,3
Karnataka,Bengaluru Urban,5.4816661606031944,5.481666160603195,5.481666160603195,3
