state,district,period,total_updates,AFI
Dadra & Nagar Haveli,Dadra & Nagar Haveli,2025-01,264.0,60.159939925832894
Orissa,Bargarh,2025-01,466.0,58.08498061490528
Tripura,Dhalai  *,2025-01,445.0,57.72160241875759
Orissa,Jajapur,2025-01,331.0,57.339136069309696
Orissa,Sundargarh,2025-01,353.0,55.55771612379454
Sikkim,North Sikkim,2025-01,427.0,55.26336424808488
Nagaland,Noklak,2025-01,504.0,54.59668184689199
Rajasthan,Jhunjhunu,2025-01,529.0,51.97770417023566
Kerala,Kasargod,2025-01,443.0,51.09405303731546
Rajasthan,Dhaulpur,2025-01,110.0,50.472006407117775
Gujarat,Banas Kantha,2025-01,120.0,47.12334486987165
Orissa,Kendujhar,2025-01,70.0,46.61730922489081
Sikkim,North,2025-01,106.0,44.90373849989485
Delhi,North East,2025-02,155.0,43.76297576662155
Maharashtra,Dharashiv,2025-01,285.0,42.81224505044754
Chhattisgarh,Kabeerdham,2025-02,71.0,42.45637965116234
Jammu And Kashmir,Punch,2025-02,151.0,42.38634568425413
Telangana,Medchal−Malkajgiri,NaT,505.0,42.37312135145983
Madhya Pradesh,Barwani,2025-02,535.0,42.25293040849848
West Bengal,North Dinajpur,2025-01,469.0,42.05798523922282
Tripura,Dhalai,2025-02,174.0,41.92127884656707
Jharkhand,Kodarma,2025-02,21.0,41.89566335173057
Pondicherry,Karaikal,2025-01,235.0,41.88819655230492
Pondicherry,Karaikal,NaT,409.0,41.81953169605571
Maharashtra,Mumbai( Sub Urban ),2025-01,361.0,41.57055310440235
Haryana,Kurukshetra,2025-02,469.0,41.525287751177785
Nagaland,Peren,2025-02,47.0,41.50647886236856
Jharkhand,Lohardaga,2025-02,162.0,41.34989541000716
Haryana,Panipat,2025-02,332.0,41.29656984540368
Madhya Pradesh,Ratlam,2025-02,381.0,41.20223186488965
Odisha,Nuapada,2025-02,489.0,41.04200633953132
Haryana,Jind,2025-02,401.0,40.9287633196776
Nagaland,Longleng,2025-02,9.0,40.92685880622819
Madhya Pradesh,East Nimar,2025-02,206.0,40.796644905127245
Orissa,Malkangiri,2025-01,49.0,40.73095303962186
Haryana,Karnal,2025-02,525.0,40.49435720420167
Mizoram,Champhai,2025-02,68.0,40.44414625669227
Karnataka,Haveri,2025-02,431.0,40.441393968987214
Karnataka,Ramanagar,2025-02,237.0,40.204256529909934
Maharashtra,Nandurbar *,NaT,187.0,40.19800601333553
Nagaland,Wokha,2025-02,60.0,40.167144412565726
Delhi,North Delhi,2025-02,263.0,40.01503529613869
Meghalaya,West Khasi Hills,2025-02,28.0,39.97460760503259
Chhattisgarh,Dantewada,2025-02,160.0,39.95713285442825
Madhya Pradesh,Sehore,2025-02,496.0,39.748390828749386
Nagaland,Mokokchung,2025-02,77.0,39.61682607098152
Jammu And Kashmir,Budgam,2025-02,136.0,39.51914108036815
Haryana,Jhajjar,2025-02,199.0,39.49178245995808
Gujarat,The Dangs,2025-02,231.0,39.49037092697522
Meghalaya,South Garo Hills,2025-02,9.0,39.380211063369714
Madhya Pradesh,Pandhurna,2025-01,101.0,39.24984326702871
Arunachal Pradesh,East Kameng,2025-02,26.0,39.24429610313126
Odisha,Kandhamal,2025-02,493.0,39.198530658587785
Karnataka,Bangalore Rural,2025-02,189.0,39.17096567790309
Mizoram,Saitual,2025-01,52.0,39.05771860269425
Mizoram,Saiha,2025-03,20.0,39.04197182308299
Madhya Pradesh,Harda,2025-02,267.0,39.03097255044543
Mizoram,Aizawl,2025-02,418.0,38.986460738090415
Andaman And Nicobar Islands,Nicobar,2025-02,36.0,38.97983158923056
Mizoram,Mamit,2025-02,9.0,38.96235417748787
Nagaland,Kohima,2025-02,129.0,38.87208089084764
Chhattisgarh,Dakshin Bastar Dantewada,2025-02,126.0,38.86330120260302
Madhya Pradesh,Khandwa,2025-02,315.0,38.82319202629775
Madhya Pradesh,Burhanpur,2025-02,410.0,38.75074895045531
Dadra And Nagar Haveli,Dadra And Nagar Haveli,2025-02,222.0,38.745852381210405
Andhra Pradesh,K.V. Rangareddy,2025-01,57.0,38.630534976355946
Karnataka,Ballari,2025-02,247.0,38.508679517779285
Arunachal Pradesh,Kurung Kumey,2025-02,8.0,38.4862492653328
Haryana,Ambala,2025-02,291.0,38.35972147762386
Jammu And Kashmir,Bandipore,2025-02,138.0,38.334718330988494
Chhattisgarh,Narayanpur,2025-03,132.0,38.30506707007535
Jharkhand,Hazaribagh,2025-02,445.0,38.23304746487933
Madhya Pradesh,Umaria,2025-02,373.0,38.2197038851447
Haryana,Bhiwani,2025-02,312.0,38.16104975550689
Jharkhand,Hazaribag,2025-02,51.0,38.1598582611237
Madhya Pradesh,Shahdol,2025-02,528.0,38.14669684860467
Karnataka,Koppal,2025-02,522.0,38.138063074208
Nagaland,Kiphire,2025-03,9.0,38.10605848629187
Madhya Pradesh,Harda *,2025-02,60.0,38.05356492860261
Nagaland,Tuensang,2025-02,34.0,38.05151119207513
Odisha,Jagatsinghapur,2025-02,270.0,37.98999838592652
Madhya Pradesh,Ashok Nagar,2025-02,477.0,37.98837855175799
Sikkim,West Sikkim,2025-03,8.0,37.93979751134661
Haryana,Hisar,2025-02,322.0,37.892095059362624
Orissa,Cuttack,2025-02,56.0,37.82541755305712
Gujarat,Mahisagar,2025-02,185.0,37.78612453794916
Haryana,Mahendragarh,2025-02,330.0,37.747830008990434
Andaman And Nicobar Islands,North And Middle Andaman,2025-02,46.0,37.74309944196723
Karnataka,Chikkaballapur,2025-02,266.0,37.708444844833366
Jammu And Kashmir,Kupwara,2025-03,261.0,37.69589869860337
Orissa,Subarnapur,NaT,5.0,37.65490997476423
Madhya Pradesh,Alirajpur,2025-02,444.0,37.651138146323866
Chhattisgarh,Bijapur,2025-02,183.0,37.55772747998133
Manipur,Jiribam,2025-04,29.0,37.495657590599926
Rajasthan,Jaisalmer,2025-02,234.0,37.48070844563296
Orissa,Nayagarh,NaT,160.0,37.35182930046892
Chhattisgarh,Dhamtari,2025-02,300.0,37.31237636254379
Delhi,North East,2025-03,137.0,37.29881962295965
Karnataka,Gadag,2025-02,257.0,37.25120234049368
Karnataka,Tumkur,2025-02,511.0,37.23416773985627
Haryana,Kaithal,2025-03,346.0,37.21289657758281
Andhra Pradesh,K.V.Rangareddy,NaT,138.0,37.2037220417377
Gujarat,Patan,2025-02,505.0,37.20090876844666
Chhattisgarh,Mungeli,2025-03,230.0,37.1805659352852
Karnataka,Bellary,2025-02,458.0,37.16736711837956
Orissa,Sonapur,NaT,13.0,37.14139081457105
Odisha,Gajapati,2025-02,369.0,37.09678793894021
Jammu And Kashmir,Reasi,2025-02,87.0,37.09465684686471
Madhya Pradesh,Narsinghpur,2025-02,482.0,37.05002152871083
Odisha,Angul,2025-02,412.0,36.99539465344064
Tripura,North Tripura,2025-02,319.0,36.97921015735228
Jammu And Kashmir,Badgam,2025-02,86.0,36.92486745926711
Odisha,Jajpur,2025-02,383.0,36.897116439857214
Jharkhand,Pashchimi Singhbhum,2025-03,9.0,36.89636388477302
Jharkhand,Purbi Singhbhum,2025-02,175.0,36.84364657466637
Uttar Pradesh,Chitrakoot,2025-03,276.0,36.70205080131688
Telangana,Rangareddy,2025-03,17.0,36.69847041171626
Gujarat,Botad,2025-03,53.0,36.55968950280328
Mizoram,Khawzawl,NaT,4.0,36.55151719211298
Karnataka,Mysore,2025-02,460.0,36.549074236614025
Madhya Pradesh,Anuppur,2025-02,330.0,36.43070532164952
Jharkhand,Pakaur,2025-03,3.0,36.38745837125926
Odisha,Baudh,2025-02,41.0,36.385814900489024
Andhra Pradesh,Alluri Sitharama Raju,2025-02,136.0,36.366965978041286
Madhya Pradesh,West Nimar,2025-02,89.0,36.35684489587256
Gujarat,Gandhinagar,2025-02,459.0,36.23851884467585
Ladakh,Leh,NaT,318.0,36.18777742244509
Nagaland,Noklak,2025-02,5.0,36.17632606661292
Chhattisgarh,Kawardha,2025-03,137.0,36.17526363348262
Uttarakhand,Champawat,2025-03,130.0,36.16555683991267
Karnataka,Chamrajanagar,2025-02,314.0,36.12252501473868
Jharkhand,Pashchimi Singhbhum,2025-02,64.0,36.11954310266837
Uttar Pradesh,Sant Ravidas Nagar,2025-02,519.0,36.10165165736532
Mizoram,Lunglei,2025-02,36.0,36.08146744536528
Karnataka,Kalaburagi,2025-02,475.0,36.04883486322026
Arunachal Pradesh,West Siang,2025-02,28.0,36.033808022649936
Telangana,Warangal Urban,2025-02,72.0,36.02332505080257
Arunachal Pradesh,Anjaw,2025-03,7.0,35.896049744758045
Madhya Pradesh,Singrauli,2025-02,504.0,35.88955411164915
Gujarat,Tapi,2025-02,233.0,35.88214758928976
Nagaland,Phek,2025-02,93.0,35.84800379152467
Punjab,Sri Muktsar Sahib,2025-02,383.0,35.83365077360927
Haryana,Panipat,2025-03,392.0,35.800653246877246
Arunachal Pradesh,Kurung Kumey,2025-04,10.0,35.796062583463126
Jammu And Kashmir,Jammu,2025-02,399.0,35.78917576371925
Haryana,Jhajjar,2025-03,396.0,35.73747111038015
Jammu And Kashmir,Kulgam,2025-04,56.0,35.72716957823076
Gujarat,Arvalli,2025-02,130.0,35.71586898210819
Haryana,Yamuna Nagar,2025-02,497.0,35.681209815551185
Jharkhand,Khunti,2025-02,490.0,35.66462011875775
Kerala,Wayanad,2025-02,444.0,35.64903647286781
Kerala,Idukki,2025-02,364.0,35.64633075718709
Karnataka,Vijayanagara,2025-02,160.0,35.64051202036163
Himachal Pradesh,Bilaspur,2025-02,111.0,35.624577254939695
Karnataka,Hassan,2025-02,375.0,35.62222531691937
Jammu And Kashmir,Kargil,2025-03,2.0,35.58801318166565
Chhattisgarh,Narayanpur,2025-02,106.0,35.58077507766552
Madhya Pradesh,Narsimhapur,2025-02,136.0,35.52076417471674
Karnataka,Mandya,2025-02,440.0,35.500380655148824
Daman And Diu,Daman,2025-02,21.0,35.49444973911926
Madhya Pradesh,Bhind,2025-02,486.0,35.486446794867206
Chhattisgarh,Kanker,2025-02,182.0,35.48221084020927
Karnataka,Mysuru,2025-02,380.0,35.454981481360576
Andhra Pradesh,Ananthapur,2025-02,338.0,35.4424815018098
Uttarakhand,Rudraprayag,2025-02,106.0,35.393978565055576
Tamil Nadu,Ranipet,2025-01,262.0,35.34295873979831
Jammu And Kashmir,Kupwara,2025-02,383.0,35.34147037867638
Arunachal Pradesh,Changlang,2025-02,118.0,35.33733710568333
Karnataka,Chamarajanagar,2025-02,22.0,35.3274809421462
Arunachal Pradesh,West Kameng,2025-02,82.0,35.292523244261055
Jammu And Kashmir,Rajouri,2025-02,384.0,35.28393966344186
Punjab,Faridkot,2025-02,237.0,35.2663829860629
Punjab,Shaheed Bhagat Singh Nagar,2025-02,157.0,35.241315299255014
Haryana,Sirsa,2025-02,535.0,35.231254464580545
Jharkhand,Palamau,2025-02,26.0,35.225764019897845
Gujarat,The Dangs,2025-03,199.0,35.206515067328915
Karnataka,Yadgir,2025-02,490.0,35.203457722898484
Karnataka,Udupi,2025-02,373.0,35.08591619189718
Andhra Pradesh,Ananthapuramu,2025-02,426.0,35.0572179889839
Karnataka,Tumakuru,2025-02,375.0,35.0432247091559
Chhattisgarh,Dantewada,2025-03,110.0,35.03156381525037
Odisha,Jharsuguda,2025-02,316.0,35.028604556722506
Chhattisgarh,Gariyaband,2025-02,254.0,35.0101660287154
Andhra Pradesh,Medak,2025-02,317.0,35.00620293416614
Odisha,Jajapur,2025-02,530.0,35.00447462684609
Chhattisgarh,Koriya,2025-02,383.0,34.989325597346244
Himachal Pradesh,Hamirpur,2025-02,144.0,34.988888885503975
Madhya Pradesh,Hoshangabad,2025-03,522.0,34.98685747659828
Tripura,Unakoti,2025-02,86.0,34.94870143079467
Arunachal Pradesh,Longding,2025-03,34.0,34.93987744264941
Gujarat,Sabar Kantha,NaT,147.0,34.91399097578964
Madhya Pradesh,Agar Malwa,2025-02,125.0,34.866174768670085
Orissa,Jagatsinghapur,NaT,34.0,34.86170387634119
Karnataka,Bagalkot *,2025-02,20.0,34.8418108149371
Arunachal Pradesh,Kra Daadi,2025-03,5.0,34.77796852310756
Delhi,Najafgarh,NaT,48.0,34.73812594021882
Karnataka,Haveri *,NaT,125.0,34.7316545905707
Odisha,Boudh,2025-02,241.0,34.7257831711899
Gujarat,Dohad,2025-02,117.0,34.722493136813696
Andhra Pradesh,Karimnagar,2025-02,291.0,34.62628884065992
Madhya Pradesh,Niwari,2025-03,5.0,34.61465508191363
Gujarat,Chhotaudepur,2025-03,211.0,34.59492206836713
Meghalaya,West Garo Hills,2025-02,238.0,34.5275935056781
Odisha,Malkangiri,2025-02,381.0,34.52229702504836
Bihar,Pashchim Champaran,2025-01,53.0,34.51642470648264
Nagaland,Zunheboto,2025-02,74.0,34.43252295530187
Jammu And Kashmir,Doda,2025-02,48.0,34.42848148097242
Odisha,Subarnapur,2025-02,82.0,34.42456568008489
Orissa,Rayagada,2025-02,9.0,34.41990898471829
Pondicherry,Pondicherry,2025-02,331.0,34.3676537890944
West Bangal,Howrah,2025-03,1.0,34.333145534130615
Nagaland,Mon,2025-02,64.0,34.30405827933613
Maharashtra,Gondiya,2025-02,511.0,34.22521361360581
Jammu And Kashmir,Srinagar,2025-02,530.0,34.188442309256324
Andhra Pradesh,Rangareddi,2025-02,456.0,34.15301700332988
Uttar Pradesh,Kanpur Dehat,2025-03,370.0,34.1368883678799
Madhya Pradesh,Mandla,2025-02,435.0,34.11257792859215
Madhya Pradesh,Maihar,2025-03,19.0,34.10974390756438
Nagaland,Noklak,2025-03,4.0,34.0931094804634
Haryana,Kurukshetra,2025-03,359.0,34.07901630893107
Odisha,Dhenkanal,2025-02,411.0,34.06326136696773
Mizoram,Serchhip,2025-02,147.0,34.04977424469451
Odisha,Sonapur,2025-02,370.0,34.037523307872995
Karnataka,Davanagere,2025-02,99.0,33.995432418865526
Chhattisgarh,Balod,2025-02,376.0,33.96074308291021
Gujarat,Tapi,2025-03,197.0,33.947351094961114
Haryana,Rohtak,2025-03,421.0,33.937430448801855
Uttarakhand,Nainital,2025-03,496.0,33.91850910878773
Madhya Pradesh,East Nimar,2025-03,234.0,33.892512486648016
Arunachal Pradesh,Anjaw,2025-05,4.0,33.89126384536585
Andaman And Nicobar Islands,South Andaman,2025-02,102.0,33.87783194697547
Andhra Pradesh,Mahbubnagar,2025-02,179.0,33.87418547344262
Madhya Pradesh,Sheopur,2025-02,193.0,33.864212328967255
Gujarat,Ahmadabad,2025-02,137.0,33.85407728752824
Odisha,Khordha,2025-02,147.0,33.824807494127015
Arunachal Pradesh,Kra Daadi,2025-02,8.0,33.78921269676712
Punjab,Kapurthala,2025-02,132.0,33.76652561736073
Arunachal Pradesh,West Kameng,2025-03,78.0,33.72181405979111
Punjab,Tarn Taran,2025-02,489.0,33.68622476767273
Kerala,Pathanamthitta,2025-02,512.0,33.661998380664414
Nagaland,Peren,2025-03,45.0,33.6395024616017
Gujarat,Sabarkantha,2025-02,516.0,33.63690514217601
Chhattisgarh,Sukma,2025-03,149.0,33.58121756609881
Maharashtra,Buldana,2025-02,269.0,33.53397438102888
Uttar Pradesh,Jalaun,2025-02,433.0,33.515953608854694
Tamil Nadu,Perambalur,2025-02,364.0,33.5151684274103
Rajasthan,Dhaulpur,2025-03,12.0,33.507780978276095
Karnataka,Shimoga,2025-02,237.0,33.487470470296174
Uttar Pradesh,Mahoba,2025-03,336.0,33.454442479933945
Arunachal Pradesh,Papum Pare,2025-02,55.0,33.45404873903797
Karnataka,Vijayapura,2025-02,484.0,33.44676490789696
Himachal Pradesh,Lahul & Spiti,NaT,87.0,33.44433438478116
Karnataka,Shivamogga,2025-02,354.0,33.42007749984312
Orissa,Mayurbhanj,2025-01,3.0,33.40737533350969
Himachal Pradesh,Kangra,2025-02,373.0,33.348100135077345
Manipur,Churachandpur,2025-02,101.0,33.32680471964004
Tripura,Khowai,2025-02,33.0,33.292299081785536
Jharkhand,Ramgarh,2025-02,283.0,33.279847335706904
Orissa,Kalahandi,NaT,3.0,33.24907994662572
Mizoram,Khawzawl,2025-04,1.0,33.2125202038849
Himachal Pradesh,Solan,2025-02,147.0,33.205308132275135
Madhya Pradesh,Burhanpur,2025-03,362.0,33.19847806233764
Karnataka,Ramanagar,2025-03,265.0,33.18836866764437
Jammu And Kashmir,Reasi,2025-04,58.0,33.176773150335094
Odisha,Debagarh,2025-02,60.0,33.165605110180465
Goa,South Goa,2025-02,147.0,33.12606280817436
Punjab,Rupnagar,2025-02,267.0,33.07586676519168
Gujarat,Arvalli,2025-03,177.0,33.07407155308786
Haryana,Mahendragarh,2025-03,336.0,33.05452826228606
Gujarat,Morbi,2025-02,259.0,33.03954772376203
Uttarakhand,Nainital,2025-02,241.0,32.98101199775869
Haryana,Sonipat,2025-03,461.0,32.96718461228299
Nagaland,Meluri,NaT,43.0,32.94349715997852
Haryana,Karnal,2025-03,531.0,32.93661033757806
Assam,Nalbari,2025-02,304.0,32.93298882802066
Haryana,Rohtak,2025-02,447.0,32.923396461177624
Rajasthan,Sirohi,2025-02,407.0,32.90836887328734
Himachal Pradesh,Kinnaur,NaT,259.0,32.85419226679125
Uttar Pradesh,Kannauj,2025-03,447.0,32.85358239631905
Himachal Pradesh,Sirmaur,2025-02,83.0,32.8236508728156
Tamil Nadu,Viluppuram,2025-02,506.0,32.79351958514304
Orissa,Mayurbhanj,2025-09,3.0,32.77982514857209
Uttar Pradesh,Shrawasti,2025-03,393.0,32.74095796647454
Himachal Pradesh,Bilaspur,2025-03,49.0,32.73738845404741
Maharashtra,Ratnagiri,2025-02,145.0,32.731629682239856
Uttar Pradesh,Shamli,2025-03,405.0,32.72452481999352
Jammu And Kashmir,Anantnag,2025-02,273.0,32.70557190788939
Jammu And Kashmir,Budgam,2025-03,91.0,32.653423577398314
Chhattisgarh,Korba,2025-02,511.0,32.62942212590749
Chandigarh,Chandigarh,2025-02,312.0,32.60843045629185
Rajasthan,Chittorgarh,2025-02,448.0,32.59156292115574
Karnataka,Chickmagalur,2025-02,242.0,32.578776208068554
Gujarat,Patan,2025-03,437.0,32.52731247473356
Haryana,Panchkula,2025-02,224.0,32.51502366387064
Karnataka,Chamrajnagar,2025-03,38.0,32.46873349299534
Odisha,Jagatsinghpur,2025-02,156.0,32.455476418819416
Orissa,Malkangiri,2025-02,4.0,32.4414584731711
Madhya Pradesh,Dindori,2025-02,396.0,32.42373535301886
Punjab,Hoshiarpur,2025-02,387.0,32.417905282351406
Telangana,Warangal Urban,2025-03,82.0,32.389922680352335
Orissa,Baleshwar,2025-02,47.0,32.38719392421893
Gujarat,Banas Kantha,2025-03,6.0,32.37463284929998
Puducherry,Karaikal,2025-03,156.0,32.374175148257
Haryana,Charkhi Dadri,2025-02,75.0,32.36973858666974
Jammu And Kashmir,Shupiyan,2025-02,148.0,32.34322369298328
Maharashtra,Raigarh,2025-02,387.0,32.33368512084209
Dadra And Nagar Haveli,Dadra And Nagar Haveli,2025-03,266.0,32.33019283368982
Mizoram,Saiha,2025-02,22.0,32.32204182734389
Tamil Nadu,Ariyalur,2025-02,348.0,32.307673782173914
Sikkim,East,2025-02,50.0,32.301834282615275
Tripura,North Tripura,2025-03,297.0,32.28141776666076
Jammu And Kashmir,Udhampur,2025-02,49.0,32.27644647959962
Uttar Pradesh,Bulandshahar,NaT,82.0,32.271585672906575
Uttar Pradesh,Sant Ravidas Nagar Bhadohi,2025-09,4.0,32.26266169005052
Gujarat,Navsari,2025-03,318.0,32.24303952215906
Uttarakhand,Rudraprayag,2025-03,118.0,32.2037295191708
Orissa,Khordha,2025-02,117.0,32.202673295831616
Haryana,Rewari,2025-02,225.0,32.18517340167286
Punjab,Fatehgarh Sahib,2025-03,246.0,32.17663633983934
Haryana,Fatehabad,2025-02,309.0,32.13597163766408
Karnataka,Kolar,2025-02,517.0,32.13539415075965
Karnataka,Uttara Kannada,2025-02,379.0,32.1347949933893
Uttarakhand,Tehri Garhwal,2025-03,288.0,32.13366642304313
Arunachal Pradesh,Tirap,NaT,225.0,32.11514275610324
Maharashtra,Nandurbar *,2025-03,31.0,32.055625891202844
Orissa,Nayagarh,2025-04,42.0,32.04967164051251
Jharkhand,Garhwa *,2025-02,98.0,32.04923250643877
Orissa,Sonapur,2025-03,2.0,32.03223995557402
Orissa,Bargarh,2025-02,24.0,32.026412835712954
Himachal Pradesh,Hamirpur,2025-03,145.0,32.01843491563947
Gujarat,Mahisagar,2025-03,249.0,32.002732440281044
Nagaland,Dimapur,2025-03,140.0,31.990067862964057
Gujarat,Chhotaudepur,2025-02,140.0,31.97871655971404
Karnataka,Kalaburagi,2025-03,464.0,31.94840114747741
Maharashtra,Bid,2025-02,126.0,31.946870196843893
Odisha,Baleshwar,2025-02,254.0,31.93558031369784
Madhya Pradesh,Neemuch,2025-02,395.0,31.919686670428515
Himachal Pradesh,Mandi,2025-02,331.0,31.89910541419301
Madhya Pradesh,Datia,2025-03,329.0,31.89117477063181
Daman And Diu,Diu,NaT,152.0,31.83105787060058
Gujarat,Devbhumi Dwarka,2025-02,109.0,31.82980305526796
Madhya Pradesh,Khandwa,2025-03,315.0,31.827845878300987
Karnataka,Chikmagalur,2025-02,24.0,31.78969228192342
Gujarat,Surendranagar,NaT,175.0,31.786903012901025
Telangana,Medchal−Malkajgiri,2025-09,88.0,31.779942110898475
Uttarakhand,Pithoragarh,2025-02,148.0,31.773738308323537
Tripura,Unakoti,2025-03,67.0,31.769057180992345
Karnataka,Chamrajanagar,2025-03,295.0,31.750971876072235
Gujarat,Narmada,2025-02,255.0,31.746888167221726
Arunachal Pradesh,Tawang,2025-03,8.0,31.732704531801414
Chhattisgarh,Dakshin Bastar Dantewada,2025-03,191.0,31.69594955210104
Uttarakhand,Pauri Garhwal,2025-02,258.0,31.685720356887703
Puducherry,Yanam,2025-01,6.0,31.664917112778472
Odisha,Jharsuguda,2025-03,178.0,31.617725021023546
Himachal Pradesh,Mandi,2025-03,204.0,31.617656362971623
Chhattisgarh,Kondagaon,2025-02,105.0,31.602379719171484
Assam,West Karbi Anglong,2025-10,69.0,31.588573047384205
Orissa,Koraput,2025-03,18.0,31.583249387448905
Rajasthan,Jaisalmer,2025-03,384.0,31.580160478308525
Punjab,Hoshiarpur,2025-03,515.0,31.573147981653072
Gujarat,Devbhumi Dwarka,2025-03,153.0,31.570640942340653
Tripura,Sepahijala,2025-02,148.0,31.53506195340811
Bihar,Samstipur,2025-09,6.0,31.5333467830369
Madhya Pradesh,Ratlam,2025-03,462.0,31.526934627295024
Maharashtra,Sindhudurg,2025-02,136.0,31.51644266312699
Maharashtra,Nandurbar *,2025-12,31.0,31.497210251287527
Uttarakhand,Bageshwar,2025-03,118.0,31.497110477602178
Arunachal Pradesh,Tirap,2025-11,13.0,31.49446797098548
Nagaland,Shamator,2025-12,3.0,31.45949131317249
Jammu And Kashmir,Punch,2025-03,138.0,31.41823209125721
Chhattisgarh,Koriya,2025-03,352.0,31.41241096070786
Rajasthan,Dhaulpur,2025-10,10.0,31.397004963115805
Punjab,Sas Nagar (Mohali),2025-02,415.0,31.3786370067408
Maharashtra,Nandurbar *,2025-02,18.0,31.360768594839524
Jammu And Kashmir,Baramula,2025-03,404.0,31.32685873556045
West Bengal,Hugli,NaT,215.0,31.324446426079152
Himachal Pradesh,Lahul And Spiti,NaT,57.0,31.317267507907605
Maharashtra,Chatrapati Sambhaji Nagar,2025-03,17.0,31.31353958389544
Assam,Bongaigaon,2025-02,311.0,31.31173160735145
Nagaland,Shamator,2025-03,6.0,31.30997458037994
Tripura,Gomati,2025-02,77.0,31.290138473820075
Punjab,Moga,2025-02,268.0,31.26390984911608
Bihar,Bhabua,2025-04,1.0,31.246137816587893
Gujarat,Narmada,2025-03,264.0,31.24540223228086
Orissa,Rayagada,2025-04,31.0,31.2293634917551
West  Bengal,Hooghly,2025-01,1.0,31.186295324661533
Odisha,Jagatsinghapur,2025-03,292.0,31.14429404510395
Uttar Pradesh,Sant Ravidas Nagar Bhadohi,2025-10,2.0,31.144248623894704
Mizoram,Mammit,NaT,98.0,31.130090461004063
Puducherry,Karaikal,2025-02,164.0,31.12141752830104
Assam,North Cachar Hills,2025-11,79.0,31.108106662210066
Delhi,Central Delhi,2025-02,260.0,31.105000432377132
Himachal Pradesh,Una,2025-02,294.0,31.0950907339516
Uttar Pradesh,Sant Kabir Nagar,2025-03,536.0,31.07550032530839
Odisha,Boudh,2025-03,167.0,31.050426819450536
Pondicherry,Yanam,2025-09,7.0,31.00115661669462
Orissa,Nayagarh,2025-08,30.0,30.999308758966546
Bihar,Monghyr,2025-12,3.0,30.988274382439634
Maharashtra,Nandurbar *,2025-09,22.0,30.97782604494723
Arunachal Pradesh,East Siang,2025-03,21.0,30.975342585120085
Nagaland,Wokha,2025-09,51.0,30.973318220267952
Chhattisgarh,Balrampur,2025-11,329.0,30.96355792625045
Uttarakhand,Uttarkashi,2025-02,99.0,30.95330428846063
Karnataka,Ballari,2025-03,267.0,30.94975476301576
Maharashtra,Buldana,2025-03,246.0,30.94068821540056
Jammu And Kashmir,Ganderbal,2025-02,104.0,30.926740552155668
Manipur,Tamenglong,2025-12,37.0,30.9168643709111
Odisha,Baudh,2025-09,40.0,30.916018760120117
Himachal Pradesh,Shimla,2025-02,104.0,30.915191237948346
Jammu And Kashmir,Shupiyan,2025-11,105.0,30.91353086385944
Nagaland,Wokha,2025-08,53.0,30.912822675388004
Chhattisgarh,Narayanpur,2025-12,109.0,30.90223205992944
Jammu And Kashmir,Shupiyan,2025-09,143.0,30.89954437786357
Arunachal Pradesh,Tawang,2025-02,12.0,30.880907226699403
Arunachal Pradesh,Lohit,2025-10,48.0,30.87894478162257
Manipur,Jiribam,2025-02,45.0,30.86337985800524
Karnataka,Haveri *,2025-09,7.0,30.850938699725187
Tripura,Khowai,2025-05,3.0,30.84171886746338
Chhattisgarh,Kawardha,2025-11,206.0,30.839847368988146
Sikkim,West,2025-10,12.0,30.838599137961733
Nagaland,Longleng,2025-12,9.0,30.83637326665236
Madhya Pradesh,Harda,2025-09,224.0,30.830668873920285
Arunachal Pradesh,East Kameng,2025-06,12.0,30.823634117261705
Chhattisgarh,Bijapur,2025-12,140.0,30.823065196095264
Chhattisgarh,Bijapur,2025-11,128.0,30.82303881745203
Nagaland,Longleng,2025-11,5.0,30.820261635043305
Arunachal Pradesh,Lower Subansiri,2025-05,17.0,30.81881324958607
Nagaland,Longleng,2025-04,8.0,30.81837633769728
Chhattisgarh,Narayanpur,2025-05,60.0,30.8156651590473
Maharashtra,Nandurbar *,2025-08,42.0,30.811117844470527
Nagaland,Mon,2025-08,69.0,30.80977928281025
Chhattisgarh,Narayanpur,2025-09,144.0,30.802821616411087
Nagaland,Shamator,2025-04,3.0,30.80212581838716
Nagaland,Phek,2025-05,29.0,30.79497980611417
Orissa,Mayurbhanj,2025-02,1.0,30.791950432844697
Nagaland,Longleng,2025-08,8.0,30.769033569085423
Chhattisgarh,Narayanpur,2025-06,44.0,30.764497861989785
Andaman And Nicobar Islands,Nicobar,2025-10,24.0,30.763599731403733
Jharkhand,Pashchimi Singhbhum,2025-11,90.0,30.76328715548313
Arunachal Pradesh,Lower Subansiri,2025-12,19.0,30.752833081231834
Nagaland,Wokha,2025-06,10.0,30.749074342292257
Andaman And Nicobar Islands,North And Middle Andaman,2025-09,67.0,30.74621177021991
Nagaland,Kiphire,2025-12,19.0,30.73935107830911
Uttar Pradesh,Jyotiba Phule Nagar,2025-09,2.0,30.73376199195796
Delhi,North East,2025-05,24.0,30.73309195845004
Maharashtra,Chatrapati Sambhaji Nagar,2025-09,11.0,30.732578442083295
Arunachal Pradesh,Tirap,2025-12,7.0,30.73074241373645
Andhra Pradesh,Nizamabad,2025-02,131.0,30.72981585421996
Mizoram,Saiha,2025-05,10.0,30.722053583575235
Arunachal Pradesh,Upper Subansiri,2025-11,21.0,30.721807457286843
Orissa,Sonapur,2025-12,1.0,30.71494991998943
Punjab,Sangrur,2025-02,428.0,30.70944531052192
Chhattisgarh,Narayanpur,2025-08,86.0,30.70876193395309
Nagaland,Wokha,2025-07,5.0,30.708614530536234
Haryana,Fatehabad,2025-04,140.0,30.70533923668205
Arunachal Pradesh,East Siang,2025-02,10.0,30.699293631635005
Meghalaya,East Jaintia Hills,2025-09,12.0,30.69793653982661
Gujarat,Amreli,2025-02,444.0,30.69505313987299
Karnataka,Chikkamagaluru,2025-02,112.0,30.691771826512387
Jammu And Kashmir,Shupiyan,2025-06,32.0,30.691252330848165
Mizoram,Saiha,2025-06,5.0,30.683585250399016
Punjab,Kapurthala,2025-07,5.0,30.681074803044503
Nagaland,Kiphire,2025-08,26.0,30.6766972466268
Arunachal Pradesh,East Siang,2025-12,24.0,30.676582772046423
Arunachal Pradesh,Lohit,2025-11,19.0,30.668538953173023
Punjab,Rupnagar,2025-07,5.0,30.668250264786742
Sikkim,West,2025-12,21.0,30.664125204923568
Punjab,Faridkot,2025-07,4.0,30.662049944819653
Jammu And Kashmir,Rajouri,2025-07,4.0,30.65873975400737
Arunachal Pradesh,Kurung Kumey,2025-08,35.0,30.648713055944672
Tripura,Sepahijala,2025-11,64.0,30.63782765883456
Chhattisgarh,Bemetara,2025-03,479.0,30.637146530378335
Arunachal Pradesh,Upper Subansiri,2025-05,10.0,30.62953468333083
Arunachal Pradesh,Papum Pare,2025-03,156.0,30.62610697936817
Gujarat,Panch Mahals,NaT,62.0,30.62559542832381
Andhra Pradesh,Parvathipuram Manyam,2025-02,55.0,30.62229849029186
Manipur,Bishnupur,2025-04,241.0,30.613610408035598
Puducherry,Karaikal,2025-10,165.0,30.611049935938723
Jharkhand,Garhwa *,2025-05,6.0,30.610817524345904
Himachal Pradesh,Una,2025-07,1.0,30.61068323714199
Jammu And Kashmir,Kulgam,2025-11,61.0,30.60809951576164
Nagaland,Kiphire,2025-04,13.0,30.606312256998194
Uttar Pradesh,Sant Ravidas Nagar Bhadohi,2025-02,3.0,30.59607085193865
Nagaland,Kiphire,2025-05,12.0,30.595437102950665
Chhattisgarh,Janjgir - Champa,2025-09,4.0,30.59018079226276
Orissa,Bargarh,2025-08,16.0,30.580113581584857
Lakshadweep,Lakshadweep,2025-04,6.0,30.561160152424243
Madhya Pradesh,Guna,2025-03,522.0,30.55971692755124
Nagaland,Kiphire,2025-06,5.0,30.558241563889872
Manipur,Jiribam,2025-12,3.0,30.557014134284188
Arunachal Pradesh,Kurung Kumey,2025-11,15.0,30.54743330008909
Rajasthan,Baran,2025-02,320.0,30.545674142055702
Nagaland,Dimapur,2025-02,167.0,30.54416224557561
Haryana,Mewat,2025-07,4.0,30.536242459490666
Dadra And Nagar Haveli And Daman And Diu,Dadra And Nagar Haveli,2025-11,8.0,30.53107652412756
Dadra And Nagar Haveli And Daman And Diu,Dadra And Nagar Haveli,2025-05,5.0,30.53019673035342
Arunachal Pradesh,East Kameng,2025-08,39.0,30.52843294538677
Meghalaya,West Khasi Hills,2025-06,2.0,30.51774313306951
Bihar,Purnea,2025-07,14.0,30.516241023752773
Chhattisgarh,Dantewada,2025-10,162.0,30.51511034282347
Madhya Pradesh,Mandsaur,2025-03,506.0,30.513275460878383
Punjab,Pathankot,2025-02,102.0,30.51227513633029
Telangana,Rangareddy,2025-11,11.0,30.508829040929207
Uttar Pradesh,Mahoba,2025-02,416.0,30.506337292067684
Chhattisgarh,Gaurela-Pendra-Marwahi,2025-09,8.0,30.5040217709894
Chhattisgarh,Gaurela-Pendra-Marwahi,2025-07,1.0,30.49724199844468
Dadra And Nagar Haveli,Dadra And Nagar Haveli,2025-11,404.0,30.494696558914196
Maharashtra,Chatrapati Sambhaji Nagar,2025-10,8.0,30.49329325988813
Uttarakhand,Almora,2025-03,196.0,30.49274277401425
Manipur,Jiribam,2025-08,7.0,30.49042008580572
Haryana,Yamunanagar,2025-08,6.0,30.48698510183577
Manipur,Jiribam,2025-09,7.0,30.482891839853988
Rajasthan,Chittaurgarh,2025-03,39.0,30.48210432550417
Delhi,New Delhi,2025-11,19.0,30.47973200158049
Dadra And Nagar Haveli And Daman And Diu,Dadra And Nagar Haveli,2025-12,9.0,30.47708867425115
Jharkhand,Palamau,2025-04,4.0,30.47167080668768
Uttarakhand,Garhwal,2025-04,2.0,30.467954095313505
Andhra Pradesh,Mahabubnagar,NaT,23.0,30.464182453236106
Tripura,South Tripura,2025-02,406.0,30.460737369109317
Arunachal Pradesh,Kamle,2025-08,1.0,30.43265088840249
Delhi,Central Delhi,2025-03,284.0,30.425124220003585
Bihar,Sheikpura,2025-09,5.0,30.41470673436745
Nagaland,Shamator,2025-08,1.0,30.41347616245481
Punjab,Shaheed Bhagat Singh Nagar,2025-03,177.0,30.40450674684878
Tripura,Dhalai  *,2025-06,6.0,30.40316306047178
Jammu And Kashmir,Kulgam,2025-02,183.0,30.402108999037168
Manipur,Bishnupur,2025-05,133.0,30.3977577063505
Andaman & Nicobar Islands,South Andaman,2025-04,8.0,30.3954939074655
Dadra & Nagar Haveli,Dadra & Nagar Haveli,2025-05,1.0,30.394950004024302
Jharkhand,Pakaur,2025-04,12.0,30.389540917629045
Nagaland,Peren,2025-04,46.0,30.38713669109428
Delhi,South East Delhi,2025-02,3.0,30.383480398694545
Arunachal Pradesh,Kra Daadi,2025-10,12.0,30.381983955113046
Telangana,Medchal−Malkajgiri,2025-10,78.0,30.38055791695309
Delhi,Najafgarh,2025-03,5.0,30.379879215544296
Uttar Pradesh,Sant Ravidas Nagar Bhadohi,2025-11,3.0,30.37255577641701
Karnataka,Davanagere,2025-03,114.0,30.37202659535668
Uttar Pradesh,Etawah,2025-03,363.0,30.37064003301303
Arunachal Pradesh,Lower Dibang Valley,2025-11,15.0,30.36723811650486
Uttarakhand,Garhwal,2025-01,4.0,30.36707940513886
Madhya Pradesh,Anuppur,2025-03,326.0,30.36199197612633
Chhattisgarh,Dantewada,2025-05,108.0,30.36022488641617
Arunachal Pradesh,Kamle,2025-04,1.0,30.345390127187056
Arunachal Pradesh,Upper Siang,2025-10,22.0,30.32840897518096
Jammu & Kashmir,Baramula,2025-11,1.0,30.28908384482458
Orissa,Jagatsinghapur,2025-12,3.0,30.27823007413598
Haryana,Gurgaon,2025-02,391.0,30.268804077681267
Goa,North Goa,2025-02,189.0,30.264512004847116
Daman And Diu,Diu,2025-12,13.0,30.24193716712982
Chhattisgarh,Mohla-Manpur-Ambagarh Chouki,2025-12,18.0,30.22663573118795
Uttarakhand,Chamoli,2025-03,157.0,30.2198204636498
Arunachal Pradesh,Kra Daadi,2025-04,7.0,30.21703653786632
Delhi,South East Delhi,2025-09,1.0,30.21442971512845
Rajasthan,Dhaulpur,2025-06,8.0,30.212338791562967
Mizoram,Serchhip,2025-05,23.0,30.212247481331023
Orissa,Jajapur,2025-06,4.0,30.209689464315925
Arunachal Pradesh,Lower Dibang Valley,2025-12,10.0,30.209509128714323
Assam,Chirang,2025-03,93.0,30.207162724801684
Nagaland,Kohima,2025-09,88.0,30.202723237969263
Meghalaya,East Khasi Hills,2025-02,265.0,30.198516418335192
Tamil Nadu,The Nilgiris,2025-02,336.0,30.196127372539426
Orissa,Anugul,NaT,46.0,30.18937670753513
Punjab,Malerkotla,2025-02,115.0,30.175279530929533
Maharashtra,Raigarh(Mh),2025-08,6.0,30.17421522078456
Jammu And Kashmir,Ramban,2025-02,35.0,30.15502091047978
Jammu And Kashmir,Kargil,2025-07,2.0,30.14965603299255
Punjab,Pathankot,2025-03,170.0,30.148205100461425
Orissa,Jagatsinghapur,2025-08,3.0,30.145415220180933
Chhattisgarh,Dakshin Bastar Dantewada,2025-11,263.0,30.123741507251378
Jharkhand,Jamtara,2025-02,406.0,30.123046162021204
Manipur,Kakching,2025-03,13.0,30.114836747252603
Chhattisgarh,Bemetara,2025-02,291.0,30.100926336740887
Karnataka,Bellary,2025-03,528.0,30.089311456716004
Arunachal Pradesh,Upper Siang,2025-12,6.0,30.08221396905553
Daman And Diu,Daman,2025-11,35.0,30.031339766672875
Jharkhand,Koderma,2025-02,355.0,30.02203805354731
Orissa,Kendrapara,NaT,49.0,30.008298097988416
Puducherry,Yanam,NaT,32.0,29.996984416733483
Andhra Pradesh,Nalgonda,2025-02,467.0,29.98775101119708
Ladakh,Kargil,2025-04,19.0,29.967311873412047
Uttar Pradesh,Bhadohi,2025-02,62.0,29.965980014598784
Arunachal Pradesh,Anjaw,2025-08,3.0,29.962760724557278
Mizoram,Lawngtlai,2025-02,90.0,29.96248356961157
Telangana,Jangaon,NaT,159.0,29.948344855587408
Nagaland,Niuland,2025-09,1.0,29.93544123143132
Andaman & Nicobar Islands,South Andaman,2025-12,12.0,29.930521596304903
Nagaland,Mokokchung,2025-03,65.0,29.927026716244807
Karnataka,Chamrajnagar,2025-02,57.0,29.924349717266697
Manipur,Ukhrul,2025-06,46.0,29.91738672625656
Andaman And Nicobar Islands,North And Middle Andaman,2025-10,82.0,29.91143842497476
West Bengal,Hawrah,2025-04,1.0,29.89569688934789
Uttarakhand,Almora,2025-02,142.0,29.885814409096657
Dadra And Nagar Haveli And Daman And Diu,Daman,2025-10,1.0,29.884648518743727
Karnataka,Tumkur,2025-03,423.0,29.882924051263505
Chhattisgarh,Dantewada,2025-11,179.0,29.87035225623457
Punjab,Ferozepur,2025-02,418.0,29.84850741734776
Bihar,Purnea,2025-06,50.0,29.84083695843537
Uttar Pradesh,Kasganj,2025-03,511.0,29.83063418922196
Rajasthan,Jaisalmer,2025-11,513.0,29.82196293719134
Gujarat,Devbhumi Dwarka,2025-07,29.0,29.798901017917174
Orissa,Balangir,2025-02,162.0,29.790479005111685
Uttar Pradesh,Baghpat,2025-11,424.0,29.78698536941425
Jharkhand,Latehar,2025-02,480.0,29.76681237141029
Mizoram,Champhai,2025-06,27.0,29.72547837021981
Mizoram,Lawngtlai,2025-12,71.0,29.70504507284325
Madhya Pradesh,West Nimar,2025-03,72.0,29.68880021171976
Punjab,Faridkot,2025-05,171.0,29.687901217168186
Orissa,Sundargarh,2025-03,22.0,29.67275035530167
Maharashtra,Nandurbar *,2025-01,17.0,29.670621486404706
Orissa,Jharsuguda,2025-10,1.0,29.67002190821141
Madhya Pradesh,Harda,2025-04,271.0,29.66676466052756
Gujarat,Porbandar,2025-03,149.0,29.64532092075565
Sikkim,South,2025-03,36.0,29.636545130716254
Jammu And Kashmir,Badgam,2025-03,58.0,29.62730943743794
Haryana,Rohtak,2025-05,442.0,29.615831689101324
Andhra Pradesh,Khammam,2025-02,408.0,29.595730943086423
Assam,Marigaon,2025-07,59.0,29.57820407836252
Gujarat,Panch Mahals,2025-10,14.0,29.55281126157052
Andaman & Nicobar Islands,Andamans,2025-02,32.0,29.54810463518741
Dadra & Nagar Haveli,Dadra & Nagar Haveli,2025-02,9.0,29.54171471232049
Jammu & Kashmir,Baramula,2025-02,1.0,29.510048288915627
Puducherry,Yanam,2025-03,1.0,29.49371102629648
Maharashtra,Ahmed Nagar,2025-09,57.0,29.45573108958356
Madhya Pradesh,Datia,2025-02,467.0,29.452496971651627
Jharkhand,Kodarma,2025-09,21.0,29.452257539722485
Chhattisgarh,Bemetara,2025-07,23.0,29.448583260216616
Jammu And Kashmir,Kathua,2025-02,53.0,29.44193446068012
Tamil Nadu,Kanyakumari,2025-02,394.0,29.43037566489181
Orissa,Nayagarh,2025-10,28.0,29.4032854622994
Madhya Pradesh,Narsinghpur,2025-03,323.0,29.39031247490841
Arunachal Pradesh,Papum Pare,2025-10,204.0,29.384166185005512
Jharkhand,Purbi Singhbhum,2025-03,82.0,29.381990024644697
Puducherry,Puducherry,2025-02,474.0,29.36731740142949
Andhra Pradesh,Nizamabad,2025-03,205.0,29.36522196418487
Telangana,Medchal−Malkajgiri,2025-03,68.0,29.324466620692984
Haryana,Panchkula,2025-03,82.0,29.322710797504797
Nagaland,Zunheboto,2025-09,33.0,29.313460409347428
Madhya Pradesh,Maihar,2025-02,23.0,29.30749708882747
Lakshadweep,Lakshadweep,2025-02,25.0,29.29257790005456
Orissa,Kendrapara,2025-11,1.0,29.291766315008623
Assam,West Karbi Anglong,NaT,433.0,29.289363192496683
Uttar Pradesh,Siddharthnagar,2025-03,532.0,29.25595727405925
Punjab,Muktsar,2025-09,52.0,29.25485648407481
Andhra Pradesh,Mahbubnagar,2025-03,332.0,29.22585964857528
Andaman & Nicobar Islands,South Andaman,NaT,57.0,29.21143465245369
Orissa,Khordha,2025-07,19.0,29.20813534929899
Gujarat,Bharuch,2025-11,402.0,29.18746390886806
West Bengal,Kalimpong,2025-09,18.0,29.17953972503404
Chhattisgarh,Sukma,2025-02,148.0,29.17318082050404
Pondicherry,Pondicherry,2025-03,317.0,29.133647634920408
Daman & Diu,Daman,2025-04,8.0,29.128526323693
Odisha,Nuapada,2025-10,342.0,29.11909931341201
Karnataka,Yadgir,2025-03,453.0,29.08835388398849
Himachal Pradesh,Lahul & Spiti,2025-04,2.0,29.07849038781665
Manipur,Imphal East,2025-07,74.0,29.07353030695823
Orissa,Malkangiri,2025-06,1.0,29.073304509161645
Karnataka,Gadag *,2025-02,15.0,29.070309059217315
Uttarakhand,Rudraprayag,2025-12,110.0,29.05384579178518
Orissa,Kandhamal,2025-09,10.0,29.042201755775206
West Bengal,Medinipur,2025-11,1.0,29.01037504049709
Chhattisgarh,Mahasamund,2025-06,214.0,29.006685526359902
Arunachal Pradesh,Siang,2025-08,12.0,29.003363806986865
Jammu And Kashmir,Kishtwar,2025-04,69.0,28.99679415850425
Maharashtra,Ahmed Nagar,2025-02,61.0,28.996163235066124
Nagaland,Kohima,2025-11,179.0,28.98765340341213
Uttar Pradesh,Kanpur Dehat,2025-02,295.0,28.97358013053055
Andaman And Nicobar Islands,Nicobar,2025-09,16.0,28.97094675738756
Arunachal Pradesh,Upper Siang,2025-02,4.0,28.968910942890567
Haryana,Kurukshetra,2025-08,462.0,28.952551753117984
Pondicherry,Karaikal,2025-09,61.0,28.948612755969364
Gujarat,Surendranagar,2025-08,12.0,28.948211077960355
Nagaland,Kiphire,2025-11,28.0,28.94293046885016
Orissa,Dhenkanal,2025-06,15.0,28.940726035185303
Kerala,Kasargod,2025-11,40.0,28.927140415290022
Madhya Pradesh,Harda *,2025-09,86.0,28.9045768504276
Jammu And Kashmir,Bandipore,2025-03,197.0,28.887696576335266
Madhya Pradesh,Harda *,2025-11,88.0,28.886096933145097
Jammu & Kashmir,Jammu,NaT,46.0,28.874018505732117
Uttar Pradesh,Hamirpur,2025-02,466.0,28.854838574277647
Madhya Pradesh,Burhanpur,2025-09,307.0,28.847247107054457
Kerala,Kasargod,2025-02,44.0,28.838612461353552
Gujarat,Surendranagar,2025-01,12.0,28.838118776661577
Mizoram,Kolasib,2025-02,39.0,28.836889502346224
Gujarat,Bharuch,2025-02,509.0,28.836316418846543
Orissa,Balangir,2025-03,107.0,28.827838246437008
Manipur,Ukhrul,2025-08,59.0,28.824369477713528
Dadra And Nagar Haveli,Dadra And Nagar Haveli,2025-09,380.0,28.807029123443424
Arunachal Pradesh,Longding,2025-05,14.0,28.80600417304188
Rajasthan,Deeg,2025-09,1.0,28.80128501711962
Punjab,Faridkot,2025-03,290.0,28.79431349277784
Mizoram,Serchhip,2025-03,56.0,28.78373708238522
Nagaland,Mon,2025-09,78.0,28.77602058472726
Gujarat,Navsari,2025-02,404.0,28.77601394436549
Haryana,Jind,2025-06,337.0,28.775898363020744
Chhattisgarh,Balod,2025-11,379.0,28.774914783821558
Nagaland,Phek,2025-03,60.0,28.76406798983441
Andaman & Nicobar Islands,Andamans,2025-11,18.0,28.760564615906357
Uttar Pradesh,Hapur,2025-02,506.0,28.752888279914483
Karnataka,Kodagu,2025-02,130.0,28.75003816697172
Himachal Pradesh,Kullu,2025-02,17.0,28.729075791898502
Gujarat,Ahmadabad,2025-03,208.0,28.70030527791532
Orissa,Mayurbhanj,NaT,14.0,28.696409159749194
Chhattisgarh,Uttar Bastar Kanker,2025-12,200.0,28.666336074358544
Punjab,Barnala,2025-03,222.0,28.658827165418295
Odisha,Debagarh,2025-08,165.0,28.64971593879458
Haryana,Rohtak,2025-10,294.0,28.64678235242152
Manipur,Churachandpur,2025-07,28.0,28.645009171517867
Andhra Pradesh,K.V.Rangareddy,2025-06,18.0,28.642199450262517
Punjab,Rupnagar,2025-03,330.0,28.6397979478825
Uttarakhand,Pauri Garhwal,2025-09,415.0,28.635351078769627
Arunachal Pradesh,East Kameng,2025-09,29.0,28.62884255323957
Andhra Pradesh,Mahabub Nagar,2025-12,302.0,28.62125310971424
Maharashtra,Ahmed Nagar,2025-03,60.0,28.608211911781478
Karnataka,Mysore,2025-03,424.0,28.60336757553424
Chhattisgarh,Mahasamund,2025-03,514.0,28.602440729891583
Maharashtra,Chatrapati Sambhaji Nagar,2025-08,12.0,28.601718408971315
Odisha,Puri,2025-03,316.0,28.58700251343537
Tamil Nadu,Ariyalur,2025-03,479.0,28.556485243851544
Punjab,Mansa,2025-02,213.0,28.546990884715303
Chhattisgarh,Dantewada,2025-04,171.0,28.486672546478868
Punjab,Tarn Taran,2025-07,12.0,28.47984896327781
Assam,Udalguri,2025-02,297.0,28.477573694681077
Karnataka,Hasan,2025-02,154.0,28.46155270126415
Orissa,Malkangiri,NaT,62.0,28.45460042538724
Tamil Nadu,Karur,2025-02,393.0,28.45034730103565
Andhra Pradesh,Karimnagar,2025-03,396.0,28.433068557863415
Chhattisgarh,Mungeli,2025-11,305.0,28.430126892429723
Assam,Majuli,2025-11,12.0,28.42618997355296
Mizoram,Champhai,2025-05,34.0,28.41119526237161
Chhattisgarh,Dantewada,2025-08,196.0,28.411104034859367
Mizoram,Lawngtlai,2025-06,47.0,28.406586325746183
Madhya Pradesh,East Nimar,2025-04,153.0,28.399011724227996
Jammu And Kashmir,Doda,2025-07,11.0,28.380475716121477
Chhattisgarh,Uttar Bastar Kanker,2025-11,146.0,28.38006399513407
Bihar,Purnea,2025-05,23.0,28.373075085155158
Uttarakhand,Champawat,2025-04,223.0,28.371698339013
Chhattisgarh,Kabeerdham,2025-09,111.0,28.36920095544552
Assam,North Cachar Hills,2025-12,117.0,28.36877990638669
Chhattisgarh,Dantewada,2025-12,205.0,28.368040760509206
Jharkhand,Dhanbad,2025-03,502.0,28.36262745491452
Arunachal Pradesh,Longding,2025-04,20.0,28.341843958277103
Jammu And Kashmir,Punch,2025-11,160.0,28.33848157329641
Gujarat,Morbi,2025-03,234.0,28.33080020976984
Dadra And Nagar Haveli,Dadra And Nagar Haveli,2025-10,328.0,28.327674057095017
Maharashtra,Mumbai City,2025-02,336.0,28.31443865748472
Rajasthan,Bundi,2025-02,231.0,28.309779678726198
Madhya Pradesh,Dindori,2025-11,216.0,28.30173583470468
Punjab,Barnala,2025-09,168.0,28.300641790546564
Karnataka,Chamarajanagar *,NaT,14.0,28.298883871635805
Jharkhand,Hazaribag,2025-11,68.0,28.289896225117232
Orissa,Bhadrak,2025-02,118.0,28.283922310864515
Orissa,Sundargarh,2025-02,20.0,28.261390641987077
Uttar Pradesh,Baghpat,2025-02,520.0,28.252816470864552
Uttarakhand,Garhwal,NaT,100.0,28.24323463199484
Chhattisgarh,Dakshin Bastar Dantewada,2025-06,55.0,28.241879002677138
Chhattisgarh,Gariyaband,2025-03,314.0,28.20324928724798
Manipur,Kakching,2025-09,68.0,28.1960738002865
Karnataka,Haveri *,2025-02,12.0,28.17505951488272
Chhattisgarh,Kondagaon,2025-03,275.0,28.17418165975281
Sikkim,East Sikkim,2025-02,28.0,28.16945611213826
Arunachal Pradesh,Lower Siang,2025-10,13.0,28.1644533019528
Haryana,Kurukshetra,2025-11,435.0,28.15239682980761
Orissa,Kendrapara,2025-09,11.0,28.138221604760584
Chhattisgarh,Koriya,2025-11,346.0,28.137349381146574
Madhya Pradesh,Harda,2025-03,323.0,28.127511810902803
Arunachal Pradesh,Upper Subansiri,2025-08,40.0,28.093678802249556
Haryana,Yamunanagar,NaT,101.0,28.09097537621521
Madhya Pradesh,West Nimar,2025-08,97.0,28.08437435576732
Arunachal Pradesh,Upper Subansiri,2025-03,41.0,28.05838226821607
Uttarakhand,Almora,2025-09,207.0,28.036566932205837
Delhi,New Delhi,2025-02,17.0,28.0334098242502
Andaman And Nicobar Islands,South Andaman,2025-03,127.0,28.029800112063565
Mizoram,Aizawl,2025-07,20.0,28.016814613114438
Uttarakhand,Nainital,2025-11,489.0,28.012749264884157
Jammu And Kashmir,Ganderbal,2025-04,85.0,28.01170034090268
Sikkim,East Sikkim,2025-03,40.0,28.002261099853964
Orissa,Cuttack,2025-06,64.0,27.986755362521137
Jammu And Kashmir,Pulwama,2025-02,223.0,27.985478874120904
Orissa,Koraput,2025-02,35.0,27.97968772396649
Gujarat,Botad,2025-09,96.0,27.979534923807712
Orissa,Dhenkanal,2025-08,19.0,27.97477544879045
Uttar Pradesh,Sant Ravidas Nagar Bhadohi,NaT,45.0,27.974529458028
Mizoram,Lunglei,2025-09,20.0,27.968987339967036
Gujarat,Gir Somnath,2025-02,128.0,27.96527437595081
Arunachal Pradesh,West Kameng,2025-12,37.0,27.960443844282185
Jammu And Kashmir,Kishtwar,2025-09,57.0,27.960330368360363
Jharkhand,Palamau,2025-09,20.0,27.945532316893058
Odisha,Baudh,2025-10,44.0,27.941085142425425
Jharkhand,Koderma,2025-09,232.0,27.936019121699356
Rajasthan,Bundi,2025-07,162.0,27.9334544808108
Andhra Pradesh,Medak,2025-03,461.0,27.932862364205487
Nagaland,Meluri,2025-12,11.0,27.923871404394266
Assam,Majuli,2025-02,42.0,27.922783954497216
Maharashtra,Bid,2025-09,96.0,27.91236865976878
Haryana,Rohtak,2025-12,515.0,27.905164252748285
Odisha,Gajapati,2025-03,434.0,27.90460238925948
Nagaland,Tuensang,2025-08,74.0,27.894344300657558
Chandigarh,Chandigarh,2025-11,313.0,27.86750245313694
Madhya Pradesh,Harda *,2025-03,106.0,27.86277763542265
Karnataka,Bagalkot *,2025-03,25.0,27.86256716486144
Madhya Pradesh,Sheopur,2025-03,138.0,27.85978618501569
Jammu And Kashmir,Srinagar,2025-03,360.0,27.85580731708135
Haryana,Ambala,2025-03,82.0,27.8368213091096
Uttarakhand,Rudraprayag,2025-09,154.0,27.8329265325588
Bihar,Sheikpura,2025-10,15.0,27.830364982357693
Andhra Pradesh,Karim Nagar,2025-02,22.0,27.82931642412119
Punjab,Pathankot,2025-06,160.0,27.81838013932281
Assam,Dhemaji,2025-02,222.0,27.81833158925386
Gujarat,Dohad,2025-03,143.0,27.817848600902515
Bihar,Arwal,2025-02,317.0,27.812116911759176
Andaman And Nicobar Islands,South Andaman,2025-10,124.0,27.79350707156572
Punjab,Sri Muktsar Sahib,2025-03,491.0,27.786939198265287
Chhattisgarh,Mungeli,2025-12,390.0,27.783476732348504
Nagaland,Kohima,2025-03,151.0,27.781199427289945
Uttar Pradesh,Hapur,2025-12,389.0,27.75171494352488
Odisha,Boudh,2025-09,178.0,27.748988399222203
Odisha,Anugul,2025-02,18.0,27.748494048463797
Karnataka,Chamarajanagar,2025-03,19.0,27.74605783131825
Chhattisgarh,Kondagaon,2025-11,328.0,27.745562768315565
Uttarakhand,Uttarkashi,2025-03,131.0,27.737210315448092
Mizoram,Champhai,2025-04,35.0,27.73264235360505
Nagaland,Shamator,NaT,88.0,27.731774851872643
Orissa,Cuttack,2025-03,55.0,27.725853545139472
Pondicherry,Karaikal,2025-06,41.0,27.72353191132293
Nagaland,Mon,2025-07,9.0,27.72024879769368
Tamil Nadu,Perambalur,2025-03,354.0,27.719098016903807
Uttar Pradesh,Etawah,2025-02,535.0,27.71665564151034
Chhattisgarh,Bastar,2025-02,410.0,27.709750902340733
Uttarakhand,Chamoli,2025-02,137.0,27.683227400359588
Maharashtra,Nandurbar *,2025-06,10.0,27.682782640709625
Maharashtra,Raigarh(Mh),NaT,120.0,27.67780165940125
Gujarat,Amreli,2025-03,513.0,27.67374138109374
Karnataka,Bagalkot *,2025-12,18.0,27.673503281387887
Chhattisgarh,Balod,2025-03,421.0,27.67231529511444
Telangana,Medchal−Malkajgiri,2025-02,64.0,27.67165355377348
Punjab,Ferozepur,2025-03,449.0,27.66509594348009
Odisha,Nayagarh,2025-09,487.0,27.66008411570294
Delhi,Central Delhi,2025-12,296.0,27.65246830906083
Arunachal Pradesh,Papum Pare,2025-11,77.0,27.640614902327744
Odisha,Sundargarh,2025-02,169.0,27.59814586488083
Assam,West Karbi Anglong,2025-08,52.0,27.591694064928102
Assam,Lakhimpur,2025-07,73.0,27.584199188825654
Pondicherry,Karaikal,2025-10,63.0,27.572695372944807
Nagaland,Kiphire,2025-02,13.0,27.56708282405168
Madhya Pradesh,Dewas,2025-06,271.0,27.54578925347761
Jammu And Kashmir,Reasi,2025-09,85.0,27.541094359165417
Assam,Biswanath,2025-02,135.0,27.52399309846932
Bihar,Purba Champaran,NaT,138.0,27.513375778591985
Jharkhand,Purbi Singhbhum,2025-04,110.0,27.50909598938109
Chhattisgarh,Surajpur,2025-11,518.0,27.50798006822385
Tripura,Gomati,2025-11,34.0,27.50400636863347
Assam,Darrang,2025-11,175.0,27.50120721022938
Karnataka,Chamarajanagar,2025-09,17.0,27.499796837973065
Uttarakhand,Pauri Garhwal,2025-03,310.0,27.4908663413964
Madhya Pradesh,Khandwa,2025-09,349.0,27.48667141246888
Himachal Pradesh,Una,2025-11,285.0,27.48410055715196
Chhattisgarh,Jashpur,2025-02,299.0,27.44579856972587
Karnataka,Chitradurga,2025-03,522.0,27.4421528413062
Jammu And Kashmir,Reasi,2025-11,90.0,27.43329337016483
Himachal Pradesh,Sirmaur,2025-03,165.0,27.432511906391788
Jharkhand,Sahibganj,2025-09,9.0,27.43167928217221
Jammu And Kashmir,Udhampur,2025-11,154.0,27.42769900687716
Jammu & Kashmir,Baramula,NaT,15.0,27.420687192029927
Mizoram,Saiha,2025-10,8.0,27.42028195024895
Haryana,Rohtak,2025-04,380.0,27.420248867822608
Goa,South Goa,2025-03,178.0,27.4174729125569
Haryana,Fatehabad,2025-03,443.0,27.412886863413867
Andhra Pradesh,Ananthapur,2025-03,420.0,27.407991577864795
Jammu & Kashmir,Jammu,2025-09,7.0,27.406511389506598
Andhra Pradesh,Mahabub Nagar,2025-02,299.0,27.3998896307481
Chhattisgarh,Mungeli,2025-07,202.0,27.389922916865885
Nagaland,Zunheboto,2025-04,53.0,27.37676031425626
Maharashtra,Nandurbar *,2025-05,14.0,27.37389643700746
Assam,Marigaon,2025-12,108.0,27.367613370529423
Rajasthan,Baran,2025-07,211.0,27.34182158835933
Arunachal Pradesh,Siang,NaT,121.0,27.31740276414932
Odisha,Sonapur,2025-08,197.0,27.296391612315364
Orissa,Dhenkanal,2025-03,27.0,27.287388260421498
Uttar Pradesh,Prayagraj,2025-03,141.0,27.283819185504576
Chhattisgarh,Dakshin Bastar Dantewada,2025-04,247.0,27.280546659137755
Uttar Pradesh,Hathras,2025-03,500.0,27.27449661917122
Odisha,Kendrapara,2025-03,508.0,27.27053034843628
Madhya Pradesh,Guna,2025-06,430.0,27.209125263141072
Andhra Pradesh,K.V.Rangareddy,2025-01,45.0,27.20857538363495
Uttar Pradesh,Farrukhabad,2025-02,519.0,27.20269043958189
Gujarat,Mahisagar,2025-12,242.0,27.20094086102809
Chhattisgarh,Dakshin Bastar Dantewada,2025-08,63.0,27.19985076731676
Chhattisgarh,Bilaspur,2025-07,123.0,27.199597643333515
Jharkhand,Chatra,2025-03,97.0,27.195770011637435
Orissa,Nayagarh,2025-02,24.0,27.18725475021731
Gujarat,Arvalli,2025-11,267.0,27.183137507804847
Ladakh,Kargil,2025-10,8.0,27.175162356994296
Uttarakhand,Pithoragarh,2025-03,170.0,27.172857011022412
Chhattisgarh,Bijapur,2025-09,163.0,27.145903245676585
Lakshadweep,Lakshadweep,2025-09,22.0,27.13965511823281
Andhra Pradesh,K.V.Rangareddy,2025-02,18.0,27.11755476874184
Pondicherry,Pondicherry,2025-07,8.0,27.1117738810842
Rajasthan,Dhaulpur,2025-08,24.0,27.10681488673138
Puducherry,Karaikal,2025-11,236.0,27.093743496645416
Punjab,Fatehgarh Sahib,2025-02,210.0,27.086625937189133
Haryana,Rohtak,2025-07,22.0,27.083782855377216
Odisha,Baudh,2025-03,39.0,27.077079478790083
Jammu And Kashmir,Leh,NaT,481.0,27.07194743084711
Dadra & Nagar Haveli,Dadra & Nagar Haveli,2025-03,9.0,27.07117183728311
Gujarat,Sabar Kantha,2025-03,16.0,27.05448902236175
Madhya Pradesh,Agar Malwa,2025-03,141.0,27.05134681179211
Odisha,Jagatsinghapur,2025-09,318.0,27.050821148241734
Punjab,Muktsar,2025-03,89.0,27.04344429641349
Nagaland,Kohima,2025-05,77.0,27.02892799402071
Gujarat,Sabar Kantha,2025-09,7.0,27.02660245628023
Telangana,Medchal−Malkajgiri,2025-11,69.0,27.01268772124442
Chhattisgarh,Bijapur,2025-06,22.0,27.00855820649631
Gujarat,Ahmadabad,2025-11,163.0,26.96580293828677
Andaman And Nicobar Islands,North And Middle Andaman,2025-05,29.0,26.95555361245337
Assam,West Karbi Anglong,2025-03,45.0,26.94021943001844
Arunachal Pradesh,Lower Subansiri,2025-03,71.0,26.934721854170768
Delhi,North East,2025-07,35.0,26.909000990124525
Andhra Pradesh,K.V. Rangareddy,NaT,47.0,26.905307580944573
Manipur,Tamenglong,2025-08,37.0,26.904602408245918
Punjab,Amritsar,2025-07,49.0,26.88992208198773
Andhra Pradesh,K.V.Rangareddy,2025-12,20.0,26.88501935940248
Gujarat,Gir Somnath,2025-11,207.0,26.884951782898757
Gujarat,Banas Kantha,2025-06,8.0,26.88128170230351
Mizoram,Mamit,2025-03,23.0,26.878285517568408
Madhya Pradesh,Hoshangabad,2025-06,257.0,26.85756241832913
Odisha,Nuapada,2025-08,527.0,26.850531734951183
Delhi,Central Delhi,2025-07,89.0,26.821051149442667
Haryana,Panipat,2025-04,315.0,26.81165876386575
Uttar Pradesh,Auraiya,2025-02,359.0,26.80501087295414
Puducherry,Karaikal,2025-08,334.0,26.800011854688293
Delhi,North East,2025-12,220.0,26.794049277412647
Andhra Pradesh,K.V. Rangareddy,2025-04,13.0,26.783696774942864
Gujarat,Narmada,2025-09,268.0,26.78294305605961
Madhya Pradesh,Vidisha,2025-06,463.0,26.78126497192727
Haryana,Kaithal,2025-11,479.0,26.776886031955787
Uttarakhand,Tehri Garhwal,2025-02,382.0,26.776493384420046
Gujarat,Banas Kantha,2025-02,4.0,26.772723636968053
Gujarat,Devbhumi Dwarka,2025-11,186.0,26.76920577330893
Jammu And Kashmir,Ramban,2025-06,68.0,26.76796136204911
Nagaland,Kohima,2025-10,116.0,26.754903129473632
Andaman And Nicobar Islands,Nicobar,2025-03,41.0,26.7532274362158
West  Bengal,Hooghly,NaT,19.0,26.74148598153571
Jammu And Kashmir,Kishtwar,2025-06,53.0,26.736138425544425
Assam,West Karbi Anglong,2025-12,37.0,26.730548789838963
Karnataka,Tumakuru,2025-03,342.0,26.720299703106285
Rajasthan,Jhunjhunu,NaT,517.0,26.71104910674409
Nagaland,Kohima,2025-08,97.0,26.70660309548122
Arunachal Pradesh,Lower Subansiri,2025-02,36.0,26.70462106906538
Uttarakhand,Champawat,2025-09,208.0,26.69416534839133
Assam,Nalbari,2025-06,317.0,26.693923607117373
Jharkhand,Palamau,2025-12,7.0,26.69318900254744
Puducherry,Puducherry,2025-05,274.0,26.69119076969932
Telangana,Rajanna Sircilla,2025-02,131.0,26.686499368579625
Bihar,Bhabua,NaT,19.0,26.68137509730958
Odisha,Jajpur,2025-03,221.0,26.67819653120315
Arunachal Pradesh,West Kameng,2025-04,43.0,26.675714303212292
Orissa,Bargarh,2025-09,14.0,26.6753170798973
Chhattisgarh,Mungeli,2025-02,315.0,26.674180023387684
Pondicherry,Pondicherry,2025-09,347.0,26.671513715681574
Bihar,Munger,2025-03,428.0,26.656933132136945
Orissa,Kandhamal,NaT,62.0,26.653294170859173
Nagaland,Mon,2025-03,69.0,26.64376077089212
Punjab,Mansa,2025-09,281.0,26.639636919046325
Madhya Pradesh,Dindori,2025-03,342.0,26.633483290322896
Pondicherry,Karaikal,2025-12,81.0,26.62704530604556
Karnataka,Chamrajanagar,2025-11,270.0,26.624393438553117
Odisha,Subarnapur,2025-03,75.0,26.62143813400455
Daman & Diu,Daman,NaT,96.0,26.62094648383952
Mizoram,Lawngtlai,2025-03,45.0,26.60264352767633
Rajasthan,Jalor,2025-05,308.0,26.5955522982376
Jammu And Kashmir,Leh,2025-11,16.0,26.58897953124893
Uttarakhand,Hardwar,NaT,229.0,26.587221771730984
Telangana,Medchal−Malkajgiri,2025-06,45.0,26.58298050009377
Madhya Pradesh,Harda,2025-11,295.0,26.58205773959051
Gujarat,Chhotaudepur,2025-11,267.0,26.572442764312356
Uttarakhand,Hardwar,2025-03,7.0,26.569106714253724
Punjab,Fatehgarh Sahib,2025-08,213.0,26.568370329294627
Orissa,Jajapur,2025-10,7.0,26.56065015917581
Chhattisgarh,Jashpur,2025-11,382.0,26.54357269137822
Gujarat,Arvalli,2025-12,241.0,26.528418743919943
Madhya Pradesh,Dindori,2025-04,397.0,26.52373625455056
Kerala,Idukki,2025-03,401.0,26.507380422577864
Rajasthan,Chittaurgarh,2025-08,43.0,26.504779289327445
Nagaland,Wokha,2025-04,24.0,26.493034263432964
Delhi,North Delhi,2025-03,451.0,26.484966129982904
Uttar Pradesh,Jyotiba Phule Nagar,NaT,117.0,26.482741499190684
Chhattisgarh,Gariyaband,2025-11,160.0,26.480842622227872
Delhi,Shahdara,2025-02,56.0,26.479330440017364
Andaman And Nicobar Islands,South Andaman,2025-09,142.0,26.47762363846437
Jammu And Kashmir,Punch,2025-06,38.0,26.47461159651477
Uttar Pradesh,Mahoba,2025-12,492.0,26.469618749132493
Uttar Pradesh,Hapur,2025-03,496.0,26.46731360314459
Andhra Pradesh,Nizamabad,2025-11,88.0,26.46411706012305
Mizoram,Aizawl,2025-03,220.0,26.462797716157667
Andaman And Nicobar Islands,Nicobar,2025-08,24.0,26.447715137571723
Kerala,Kasargod,NaT,365.0,26.447122847137443
Maharashtra,Buldana,2025-09,290.0,26.445364078430156
Nagaland,Niuland,NaT,46.0,26.442857772470692
Uttar Pradesh,Kannauj,2025-02,461.0,26.442772550566776
Tamil Nadu,The Nilgiris,2025-03,225.0,26.44180299327905
Jammu And Kashmir,Kupwara,2025-04,285.0,26.404326968138093
Maharashtra,Nandurbar *,2025-11,26.0,26.40068960663537
Haryana,Sirsa,2025-05,506.0,26.39844116702764
Assam,Kokrajhar,2025-11,166.0,26.39180479721632
Punjab,Moga,2025-03,518.0,26.381994557366035
Goa,North Goa,2025-03,234.0,26.372286799270697
Puducherry,Pondicherry,NaT,10.0,26.361565038394435
Odisha,Boudh,2025-04,238.0,26.342448247449276
Assam,Bongaigaon,2025-03,331.0,26.33778492765841
Madhya Pradesh,Mandla,2025-03,419.0,26.33572987591463
Himachal Pradesh,Una,2025-03,216.0,26.32578533828112
Jharkhand,Ranchi,2025-03,505.0,26.32099387314916
Jharkhand,Sahibganj,2025-02,24.0,26.319709828585665
Orissa,Kandhamal,2025-01,12.0,26.31137000889968
Madhya Pradesh,Shajapur,2025-06,413.0,26.31065878492852
Arunachal Pradesh,West Kameng,2025-11,40.0,26.293314167557767
Odisha,Subarnapur,2025-09,36.0,26.292106237122827
Odisha,Sonapur,2025-03,299.0,26.29013971626556
Jharkhand,Lohardaga,2025-11,324.0,26.27703050108065
Assam,Goalpara,2025-08,323.0,26.25340901505539
Odisha,Dhenkanal,2025-03,526.0,26.246592329061688
Punjab,Shaheed Bhagat Singh Nagar,2025-08,266.0,26.23427316554069
Pondicherry,Pondicherry,2025-08,384.0,26.233263461795907
Karnataka,Shimoga,2025-03,305.0,26.23315613411861
Meghalaya,South West Khasi Hills,2025-02,24.0,26.22238602763563
Puducherry,Puducherry,2025-03,456.0,26.21954921574653
Karnataka,Chickmagalur,2025-03,217.0,26.209660094513765
Orissa,Sundargarh,2025-09,18.0,26.206982896735987
Punjab,Mansa,2025-12,366.0,26.2057967161326
Gujarat,Chhotaudepur,2025-07,6.0,26.20538863527607
Haryana,Rohtak,2025-06,213.0,26.203560721191344
Maharashtra,Gondia,2025-08,17.0,26.20238944714068
Jammu And Kashmir,Ramban,2025-05,42.0,26.201824541951048
Karnataka,Mandya,2025-03,471.0,26.20163703611518
Madhya Pradesh,Panna,2025-06,418.0,26.197497954984627
Punjab,Pathankot,2025-08,237.0,26.18614058210325
Tamil Nadu,Villupuram,2025-03,517.0,26.184084133297244
Karnataka,Davanagere,2025-11,83.0,26.18247994733212
Delhi,North Delhi,2025-11,400.0,26.18060927861117
Jammu & Kashmir,Jammu,2025-12,6.0,26.18057776745476
Assam,North Cachar Hills,2025-08,113.0,26.17035333978775
Arunachal Pradesh,Lower Siang,NaT,38.0,26.16323937505093
Delhi,West Delhi,2025-07,157.0,26.15905029488508
Kerala,Wayanad,2025-10,373.0,26.15395700536099
Pondicherry,Karaikal,2025-03,66.0,26.137248766277967
Rajasthan,Dhaulpur,NaT,114.0,26.134317854329502
Uttar Pradesh,Kasganj,2025-09,437.0,26.13113032948168
Chhattisgarh,Uttar Bastar Kanker,2025-03,192.0,26.105063262029773
Delhi,North East,2025-11,210.0,26.09486338393191
Nagaland,Dimapur,2025-06,119.0,26.08479283342569
Gujarat,Botad,2025-02,78.0,26.083725522334564
Gujarat,Sabar Kantha,2025-12,16.0,26.071326713592896
Punjab,Kapurthala,2025-03,232.0,26.0693713227803
Odisha,Boudh,2025-06,212.0,26.06404676258059
Assam,Hailakandi,2025-02,302.0,26.06393925742721
Karnataka,Chamrajnagar,2025-10,18.0,26.062029887177182
Haryana,Rohtak,2025-09,529.0,26.0601888124988
Uttar Pradesh,Baghpat,2025-03,351.0,26.059950164467388
Chhattisgarh,Dakshin Bastar Dantewada,2025-05,107.0,26.059692788542534
Odisha,Rayagada,2025-08,460.0,26.058586216304924
Gujarat,Arvalli,2025-10,265.0,26.058221930016494
Jammu And Kashmir,Kishtwar,2025-12,62.0,26.05237559460905
Gujarat,Porbandar,2025-02,196.0,26.04625133974795
Chhattisgarh,Narayanpur,2025-10,296.0,26.03249940823431
Bihar,Aurangabad(Bh),NaT,134.0,26.02279860713953
Jammu And Kashmir,Samba,2025-03,9.0,26.021953285413545
Himachal Pradesh,Sirmaur,2025-04,150.0,26.02168081096693
Madhya Pradesh,Mauganj,2025-02,39.0,26.02128929478495
Nagaland,Dimapur,2025-11,117.0,26.01270238570727
Uttar Pradesh,Barabanki,2025-02,60.0,25.99676704561332
Telangana,Medchal−Malkajgiri,2025-12,63.0,25.99099702575531
Chhattisgarh,Mahasamund,2025-02,481.0,25.971396084784104
Kerala,Pathanamthitta,2025-03,384.0,25.96498597058339
Bihar,Sheohar,2025-12,228.0,25.93996740368497
Rajasthan,Barmer,2025-07,281.0,25.93634670015597
Punjab,Mansa,2025-05,354.0,25.900373429623738
Meghalaya,West Garo Hills,2025-09,187.0,25.896300926956464
Maharashtra,Gondiya *,NaT,449.0,25.89288772714688
Haryana,Rewari,2025-05,314.0,25.89152867345473
Gujarat,The Dangs,2025-09,264.0,25.889393598320208
Daman And Diu,Daman,2025-09,26.0,25.88775668456056
Jammu And Kashmir,Punch,2025-05,104.0,25.87853762692769
Nagaland,Wokha,2025-03,46.0,25.87578945671841
Orissa,Bhadrak,2025-10,61.0,25.870066775092887
Orissa,Bhadrak,2025-03,48.0,25.86942046948465
Orissa,Khordha,2025-09,146.0,25.86172007932161
Bihar,Jamui,2025-11,305.0,25.85353146907465
Jharkhand,Pakaur,2025-02,60.0,25.84902705626313
Haryana,Jind,2025-05,530.0,25.838971528370987
Assam,North Cachar Hills,2025-10,154.0,25.837942331802704
Karnataka,Gadag,2025-03,257.0,25.83266697528753
Madhya Pradesh,Narsimhapur,2025-03,114.0,25.830822294102145
Rajasthan,Churu,2025-07,421.0,25.827980503592038
Madhya Pradesh,East Nimar,2025-11,288.0,25.816818458700794
Punjab,Kapurthala,2025-08,384.0,25.816791186838547
Karnataka,Bangalore Rural,2025-03,345.0,25.81520277545496
Sikkim,West,2025-02,40.0,25.803687234253182
Andhra Pradesh,Warangal,2025-11,521.0,25.800542688662777
Punjab,Shaheed Bhagat Singh Nagar,2025-10,170.0,25.79722481074444
Maharashtra,Ahmed Nagar,2025-11,79.0,25.785139510394348
Nagaland,Mokokchung,2025-11,42.0,25.7773451252234
Orissa,Ganjam,2025-02,105.0,25.771535267161383
Punjab,Fazilka,2025-06,291.0,25.76905304900996
Assam,Baksa,2025-03,263.0,25.761957462094934
Madhya Pradesh,Datia,2025-04,490.0,25.75898872660409
Gujarat,Devbhumi Dwarka,2025-10,181.0,25.756887332007903
Sikkim,South Sikkim,2025-09,16.0,25.74996141400739
Arunachal Pradesh,Longding,2025-11,15.0,25.74806905381274
Punjab,Sri Muktsar Sahib,2025-09,271.0,25.74090397579823
Madhya Pradesh,Harda *,2025-10,90.0,25.740127712219007
Orissa,Anugul,2025-01,5.0,25.73913098563459
Tripura,Khowai,2025-11,31.0,25.73488165659159
Uttarakhand,Bageshwar,2025-09,125.0,25.730226624121403
Jammu And Kashmir,Budgam,2025-11,130.0,25.725768894182657
Nagaland,Peren,2025-08,60.0,25.72504692694906
Arunachal Pradesh,West Kameng,2025-05,21.0,25.721353828643597
West Bangal,Howrah,NaT,2.0,25.720580615312365
Bihar,Samstipur,2025-04,12.0,25.719962849768667
Punjab,Mansa,2025-10,262.0,25.719405912704417
Gujarat,Narmada,2025-08,312.0,25.713043534089667
Odisha,Angul,2025-07,43.0,25.710640830169226
Karnataka,Shivamogga,2025-03,361.0,25.703303421604637
Punjab,Pathankot,2025-05,216.0,25.69580782310999
Pondicherry,Karaikal,2025-02,62.0,25.691090654239183
Assam,Hojai,2025-03,523.0,25.682160866023462
Punjab,Malerkotla,2025-10,97.0,25.67640785741162
Jammu And Kashmir,Kishtwar,2025-10,47.0,25.675521337193235
Pondicherry,Pondicherry,2025-10,306.0,25.674107314457988
Andhra Pradesh,Karimnagar,2025-10,444.0,25.666171792188567
Dadra & Nagar Haveli,Dadra & Nagar Haveli,NaT,39.0,25.66598075011416
Bihar,Purnea,2025-02,39.0,25.65986710569245
Assam,Kokrajhar,2025-03,218.0,25.65566147124044
Rajasthan,Jaisalmer,2025-10,357.0,25.655441131161638
Chhattisgarh,Kanker,2025-03,366.0,25.651503802794192
Mizoram,Kolasib,2025-09,47.0,25.65127069800727
Orissa,Cuttack,2025-09,65.0,25.64557948641266
Orissa,Jagatsinghapur,2025-10,5.0,25.642671089205937
Jharkhand,Purbi Singhbhum,2025-07,52.0,25.641850839240924
Assam,Charaideo,2025-10,316.0,25.639595552306563
Gujarat,Dohad,2025-08,142.0,25.63599700550072
Jammu And Kashmir,Doda,2025-09,102.0,25.63185607725445
Sikkim,South Sikkim,2025-02,14.0,25.623622273419603
Manipur,Chandel,2025-08,68.0,25.61373362649941
Jammu And Kashmir,Kishtwar,2025-11,67.0,25.61366004025767
Bihar,Samstipur,NaT,66.0,25.60264663334773
Tamil Nadu,Perambalur,2025-10,390.0,25.58765058650987
Gujarat,Gir Somnath,2025-10,201.0,25.585045838892245
Punjab,Moga,2025-05,362.0,25.575292772852794
Chhattisgarh,Korba,2025-07,125.0,25.565448082440174
Orissa,Rayagada,2025-08,11.0,25.564385542889475
Uttarakhand,Haridwar,2025-09,532.0,25.559088506227
Madhya Pradesh,Narsimhapur,2025-08,105.0,25.55333212514938
Assam,Jorhat,2025-11,197.0,25.551556394600556
Assam,Nalbari,2025-11,228.0,25.544833441353827
Madhya Pradesh,Anuppur,2025-09,510.0,25.54438117310981
Assam,Hojai,2025-02,276.0,25.54308580041759
Haryana,Yamuna Nagar,2025-05,466.0,25.538452693213497
Madhya Pradesh,Ashok Nagar,2025-11,523.0,25.53728828227301
Jharkhand,Garhwa *,2025-09,45.0,25.53613884122675
Nagaland,Kohima,2025-04,94.0,25.525945789731185
Gujarat,Banas Kantha,NaT,126.0,25.520307514265845
Kerala,Wayanad,2025-09,489.0,25.51708597230725
Tripura,Dhalai,2025-07,71.0,25.51617692657324
Karnataka,Vijayanagara,2025-03,240.0,25.51373663328416
Jammu And Kashmir,Ganderbal,2025-03,97.0,25.5122551995503
Punjab,Jalandhar,2025-02,432.0,25.51214164123368
Himachal Pradesh,Bilaspur,2025-11,164.0,25.51164262515803
Madhya Pradesh,Khandwa,2025-11,381.0,25.50446340282687
Andaman And Nicobar Islands,North And Middle Andaman,2025-11,50.0,25.49033161208802
Assam,Sibsagar,2025-03,121.0,25.483980227321904
Orissa,Sundargarh,2025-04,28.0,25.47770643564647
